Time,Australia,Austria,Belgium,Canada,Chile,Czech Republic,Denmark,Estonia,Finland,France,Germany,Greece,Hungary,Iceland,Ireland,Israel,Italy,Japan,Korea,Luxembourg,Mexico,Netherlands,New Zealand,Norway,Poland,Portugal,Slovak Republic,Slovenia,Spain,Sweden,Switzerland,Turkey,United Kingdom,United States,Euro area (17 countries),European Union (27 countries),OECD - Total,China,India,Indonesia,Russian Federation,South Africa
1960,2.4850173684,NaN,NaN,NaN,NaN,NaN,NaN,NaN,NaN,8.2619148163,NaN,NaN,NaN,NaN,NaN,NaN,NaN,NaN,NaN,NaN,NaN,NaN,NaN,NaN,NaN,NaN,NaN,NaN,NaN,3.6541168718,NaN,NaN,NaN,NaN,NaN,NaN,NaN,NaN,NaN,NaN,NaN,NaN
1961,1.3806118395,NaN,NaN,NaN,NaN,NaN,NaN,NaN,NaN,4.8049318545,NaN,13.2038409959,NaN,NaN,NaN,NaN,NaN,NaN,NaN,NaN,NaN,NaN,NaN,NaN,NaN,NaN,NaN,NaN,NaN,5.681292802,NaN,NaN,NaN,NaN,NaN,NaN,NaN,NaN,NaN,NaN,NaN,3.8446997562
1962,6.2763299696,NaN,NaN,NaN,NaN,NaN,NaN,NaN,NaN,6.8720568282,NaN,0.3648105472,NaN,NaN,NaN,NaN,NaN,NaN,NaN,NaN,NaN,NaN,NaN,NaN,NaN,NaN,NaN,NaN,NaN,4.2590472284,NaN,NaN,NaN,NaN,NaN,NaN,NaN,NaN,NaN,NaN,NaN,6.1780051074
1963,7.0241950043,NaN,NaN,NaN,NaN,NaN,NaN,NaN,NaN,6.2001249602,NaN,11.8448677304,NaN,NaN,NaN,NaN,NaN,NaN,NaN,NaN,NaN,NaN,NaN,NaN,NaN,NaN,NaN,NaN,NaN,5.3279337893,NaN,NaN,NaN,NaN,NaN,NaN,NaN,NaN,NaN,NaN,NaN,7.3736281451
1964,5.985356925,NaN,NaN,NaN,NaN,NaN,NaN,NaN,NaN,6.4266797076,NaN,9.4096767736,NaN,NaN,NaN,NaN,NaN,NaN,NaN,NaN,NaN,NaN,NaN,NaN,NaN,NaN,NaN,NaN,NaN,6.821164502,NaN,NaN,NaN,NaN,NaN,NaN,NaN,NaN,NaN,NaN,NaN,7.9396351634
1965,2.3341810387,NaN,NaN,NaN,NaN,NaN,NaN,NaN,NaN,4.8083690062,NaN,10.7680103636,NaN,NaN,NaN,NaN,NaN,NaN,NaN,NaN,NaN,NaN,NaN,NaN,NaN,NaN,NaN,NaN,NaN,3.8215075861,NaN,NaN,NaN,NaN,NaN,NaN,NaN,NaN,NaN,NaN,NaN,6.1228347787
1966,6.3170086036,NaN,NaN,NaN,NaN,NaN,NaN,NaN,NaN,5.2111181838,NaN,6.4945023684,NaN,NaN,NaN,NaN,NaN,NaN,NaN,NaN,NaN,NaN,NaN,NaN,NaN,NaN,NaN,NaN,NaN,2.0908442891,NaN,NaN,NaN,NaN,NaN,NaN,NaN,NaN,NaN,NaN,NaN,4.4383658833
1967,5.1280774378,NaN,NaN,NaN,NaN,NaN,5.6445743293,NaN,NaN,4.8963637676,NaN,5.6694854813,NaN,NaN,NaN,NaN,NaN,NaN,NaN,NaN,NaN,NaN,NaN,NaN,NaN,NaN,NaN,NaN,NaN,3.3653885801,NaN,NaN,NaN,NaN,NaN,NaN,NaN,NaN,NaN,NaN,NaN,7.19655339
1968,7.0622857244,NaN,NaN,NaN,NaN,NaN,5.6683977688,NaN,NaN,4.4502407386,NaN,7.2037188884,NaN,NaN,NaN,NaN,NaN,NaN,NaN,NaN,NaN,NaN,NaN,NaN,NaN,NaN,NaN,NaN,NaN,3.6385056641,NaN,NaN,NaN,NaN,NaN,NaN,NaN,NaN,NaN,NaN,NaN,4.1533630414
1969,7.1951219512,NaN,NaN,NaN,NaN,NaN,6.4779987655,NaN,NaN,7.1140013079,NaN,11.5636673227,NaN,NaN,NaN,NaN,NaN,NaN,NaN,NaN,NaN,NaN,NaN,NaN,NaN,NaN,NaN,NaN,NaN,5.0090752174,NaN,NaN,NaN,NaN,NaN,NaN,NaN,NaN,NaN,NaN,NaN,4.7159241388
1970,3.9990816198,NaN,NaN,NaN,NaN,NaN,1.4975429479,NaN,NaN,6.2004210228,NaN,8.9305807165,NaN,NaN,NaN,NaN,NaN,NaN,NaN,NaN,NaN,6.1827419526,NaN,NaN,NaN,NaN,NaN,NaN,NaN,6.4736739215,NaN,NaN,NaN,NaN,NaN,NaN,NaN,NaN,NaN,NaN,NaN,5.248606967
1971,3.8978918046,5.1131292981,3.7530213702,4.1176576221,NaN,NaN,3.0018833545,NaN,2.3569202378,5.3311632956,3.1326997536,7.8411769811,NaN,13.0608376449,3.4698878134,10.9510709926,1.8181079822,4.6989920422,10.4412047643,2.6672362847,4.1714141401,4.3307784325,3.7854582294,5.6176027955,NaN,6.6316523558,NaN,NaN,4.6494734789,0.9446462396,4.0754425633,5.56789575,2.0814196042,3.4580149048,NaN,NaN,3.7272836901,6.6366399025,NaN,NaN,NaN,4.2789550486
1972,2.6507980089,6.2078609599,5.2556466603,5.4458555798,NaN,NaN,4.1749975843,NaN,7.7354856283,4.5380357942,4.3003412969,10.1601511547,NaN,6.1773344469,6.4898083001,12.1465546201,3.6904857516,8.4135472552,6.5109919469,6.598192675,8.4878516555,2.5065290783,5.1191079574,5.2680693695,NaN,8.0156962129,NaN,NaN,8.1497458736,2.2887387988,3.2005086901,7.4260064525,3.618656162,5.5217820192,NaN,NaN,5.5054782431,3.7654474508,NaN,NaN,NaN,1.6548161601
1973,4.1152856791,4.8873005423,6.1223275698,6.964202918,NaN,NaN,3.7592397043,NaN,6.983827907,6.6105840787,4.777486911,8.0923786629,NaN,6.8060097216,4.7214283745,5.5874637951,7.1258622975,8.0325999747,14.7875041062,8.312676881,8.4090790042,5.7842680338,7.8002785814,4.4788125349,NaN,11.200671069,NaN,NaN,7.7884652661,3.9679811277,3.0499075786,3.2617779171,7.2448691129,5.9111265707,NaN,NaN,6.381075785,7.8570857722,NaN,NaN,NaN,4.5719682318
1974,1.2357813659,3.9437503736,4.1996342502,3.6909876461,NaN,NaN,-0.8159543627,NaN,3.2365336679,4.6914211826,0.8900687071,-6.4382405789,NaN,5.7062921375,4.2602293767,6.4761613086,5.5001411334,-1.2252398275,9.3818400395,4.2124674139,6.1107643907,4.2559232426,5.9934400159,3.8185799562,NaN,1.1428603839,NaN,NaN,5.6187857668,3.1981956302,1.4549078226,5.5941933689,-1.5845300605,-0.5193259027,NaN,NaN,1.194837205,2.3084333266,NaN,NaN,NaN,6.1110858903
1975,2.6276302782,-0.3623032133,-1.3270002648,1.822973134,NaN,NaN,-1.2214517375,NaN,1.8048977234,-1.1236297214,-0.8667388949,6.3668086509,NaN,0.6461550772,5.6566455705,3.2428195524,-2.0901629188,3.0915759162,7.3375303363,-6.5713709329,5.6110795612,0.1230197113,-1.7316829207,5.0252473136,NaN,-4.3476310374,NaN,NaN,0.5422033206,2.5528626741,-7.2831745408,7.1731372596,-0.55625075,-0.1960217894,NaN,NaN,0.4162640369,8.6921879282,NaN,NaN,NaN,1.6954357217
1976,3.573486536,4.5770024386,5.6527509665,5.1993024367,NaN,NaN,6.0935003973,NaN,0.3443828952,4.3862101957,4.9492583919,6.8518979877,NaN,5.9593675167,1.3948079044,0.32250317,7.1253851581,3.974984091,13.4555723491,2.5343319309,4.2387747186,4.7876531167,0.9288122654,5.7926150283,NaN,6.9002309848,NaN,NaN,3.3037915138,1.0581048651,-1.4036760422,10.4630374542,2.7716009481,5.4187599496,NaN,NaN,4.8910669721,-1.6194062173,NaN,NaN,NaN,2.2498734795
1977,0.8872521341,5.079980803,0.6261354775,3.4582305998,NaN,NaN,1.9788539424,NaN,0.239510464,3.5727391318,3.3472180899,2.9410017185,NaN,8.8222772471,8.2113003582,1.0352991958,2.5605007978,4.3903379502,11.8177037686,1.569776537,3.4427685457,1.9212781669,-3.9363378506,4.1391813025,NaN,5.6025972886,NaN,NaN,2.8385743013,-1.5962585836,2.4336520898,3.4048148897,2.2909533863,4.638164346,NaN,NaN,3.6991627102,7.6172734863,NaN,NaN,NaN,-0.0939862094
1978,4.1324235678,-0.2106534791,2.8419126644,3.9535912654,NaN,NaN,2.2745466411,NaN,2.9197080292,3.8954869986,3.0084928746,7.2468633229,NaN,6.016714595,7.1867286191,5.5550872071,3.2401397974,5.2719415029,10.2975696655,4.0749714177,8.249813941,2.3307484917,-0.6266198616,3.853969847,NaN,2.8159661145,NaN,NaN,1.4630033723,1.7515480426,0.4090837573,1.5045096159,3.3446063662,5.6264642489,NaN,NaN,4.4503178374,11.6699187936,NaN,NaN,NaN,3.0144819608
1979,3.0570930051,5.3566998379,2.3410580015,3.8049228807,NaN,NaN,3.9501292691,NaN,7.12192636,3.4493191297,4.1503633315,3.2820802153,NaN,4.8605823848,3.0730362574,6.2078157339,5.9591594441,5.4840418324,8.3897699776,2.3456087427,9.1547641002,2.0219184195,-0.0660283922,4.3577424925,NaN,5.6389373502,NaN,NaN,0.0415465076,3.8400035136,2.4915121442,-0.6244940442,2.6076539841,3.1477899817,NaN,NaN,3.830158336,7.5728539033,NaN,NaN,NaN,3.7905090197
1980,3.4010814127,1.73148542,4.479501221,2.1626168988,NaN,NaN,-0.4875423472,NaN,5.389047468,1.6367767399,1.4088286596,0.6771310685,NaN,5.7479207102,3.0793291978,1.6704416594,3.430016382,2.8175912076,-1.8907965634,0.8408829271,8.3241138984,3.2510041694,0.8952758507,4.5041516356,NaN,4.589340137,NaN,NaN,2.208728123,1.6999714183,4.6019773723,-2.4457892083,-2.1028073512,-0.287282173,NaN,NaN,1.302785608,7.8414419846,NaN,NaN,NaN,6.6206019943
1981,3.2380330739,-0.1442945072,-0.2792836192,3.5031195336,NaN,NaN,-0.8869038202,NaN,1.2865203762,0.9790735949,0.5292405398,-1.5537212239,NaN,4.2650071038,3.3252157948,5.3399269483,0.8442276287,4.176843956,7.4040185548,-0.5509505137,8.7940319596,-0.7836116033,3.2530041583,1.547504937,NaN,1.618103493,NaN,NaN,-0.1324686168,-0.202272892,1.6013358699,4.8551603475,-1.3236144674,2.5412324891,NaN,NaN,2.1731930661,5.7588579376,NaN,NaN,NaN,5.3607726238
1982,-2.3143657722,2.0112543747,0.5949869445,-2.8590054733,NaN,NaN,3.7139827441,NaN,3.0491730217,2.4174448318,-0.3948407476,-1.1326475285,NaN,2.1545662419,2.2834684535,2.0824999727,0.4135856622,3.3766082965,8.2913278951,1.1312969987,-0.7070686508,-1.2407567683,4.3190791038,0.1249947014,NaN,2.135375274,NaN,NaN,1.2464617208,1.1931138339,-1.3094174413,3.5628282675,2.0930688172,-1.9802479937,NaN,NaN,0.0969072469,9.0568706489,NaN,NaN,NaN,-0.3833944376
1983,4.7459341185,2.9730880104,0.3118427291,2.7178061627,NaN,NaN,2.6518572426,NaN,3.0238229676,1.2319039838,1.572410148,-1.0786223737,NaN,-2.1511617013,-0.2443011479,3.3591015492,1.1692034969,3.0607380357,12.1820471435,2.9890767915,-4.2958579073,2.069958061,2.7388931953,3.8669007176,NaN,-0.1731130662,NaN,NaN,1.7701157646,1.809751468,0.6390794579,4.9690578198,3.6243464474,4.5159629248,NaN,NaN,2.871282654,10.8529793092,NaN,NaN,NaN,-1.8465491486
1984,5.0650732183,0.0512752362,2.466382659,5.8144683592,NaN,NaN,4.165577099,NaN,3.1076542749,1.4946254131,2.822947834,2.0105804029,NaN,4.129118228,4.3543725132,0.9332137006,3.2258523786,4.4638990159,9.8591334741,6.1869392754,3.5995735448,3.0616790342,4.9323174791,5.894130524,NaN,-1.8799795843,NaN,NaN,1.784687528,4.2713073536,3.0084564109,6.711783995,2.6709249269,7.1948235371,NaN,NaN,4.7584095375,15.1760212394,NaN,NaN,NaN,5.0991278928
1985,4.5869812203,2.4986785045,1.6517928428,4.7800755565,NaN,NaN,4.0244344649,NaN,3.3023829181,1.6102485259,2.3279352227,2.5095565498,NaN,3.2928413872,3.08561495,4.0369403048,2.798085727,6.3333568887,7.4709513739,2.7917061761,2.772269452,2.5801798091,0.7711937289,5.353984461,NaN,2.8074395939,NaN,NaN,2.3214358569,2.1896754809,3.6735959183,4.2415822164,3.5993814256,4.1120235323,NaN,NaN,3.8212923112,13.4661925574,NaN,NaN,NaN,-1.211528738
1986,2.6227926399,2.301392772,1.8227621275,2.4207827607,NaN,NaN,4.9492408926,NaN,2.6417490503,2.2559812719,2.2873392681,0.5176600815,NaN,6.2705419599,-0.4283305228,4.190144591,2.8599718877,2.8310766408,12.2397343009,9.9839347941,-3.753919881,2.7869758548,2.0944093122,4.0376290525,NaN,4.1409556619,NaN,NaN,3.2533217191,2.8610918428,1.8586327901,7.0152881223,4.0123298228,3.4272176114,NaN,NaN,2.966107528,8.8463766888,NaN,NaN,NaN,0.0178668411
1987,5.6440615699,1.3571680121,2.3066594292,4.2532189543,6.594273739,NaN,0.2899368312,NaN,3.4899844273,2.3884396002,1.4021515774,-2.2588634768,NaN,8.5459397513,4.6630910944,7.139711353,3.1919606188,4.1074270638,12.2659212403,3.9509779501,1.8557469919,1.9312485195,-0.4790847848,1.7799986125,NaN,6.3813938754,NaN,NaN,5.5471226195,3.45710699,1.5854781669,9.4842781579,4.5622180513,3.1671053568,NaN,NaN,3.4287768856,11.5832637475,NaN,NaN,NaN,2.1007272044
1988,3.9236777775,3.2958802241,4.7232089002,4.974472448,7.3112845783,NaN,-0.1426641096,NaN,5.2212808938,4.667661751,3.7072356658,4.2878616634,NaN,-0.089726032,5.2174141948,2.9100162118,4.1943772688,7.1466937073,11.6605383373,8.4632828391,1.2454380583,3.4412189007,1.8273264924,-0.1728503733,NaN,7.4891080576,NaN,NaN,5.0943242232,2.6664036278,3.2775962525,2.1203522259,5.0319639736,4.100067576,NaN,NaN,4.5670218171,11.2805836709,NaN,NaN,NaN,4.2001021976
1989,3.5838401082,3.8870747785,3.4691668133,2.6194029665,10.5602336118,NaN,0.5729004027,NaN,5.0777729891,4.1877822204,3.8965517241,3.7999999985,NaN,0.2584398542,5.8139195483,0.5747468462,3.3883835108,5.3701525189,6.7520076194,9.7980614565,4.1982931632,4.4202531333,0.5299213185,0.9975072855,NaN,6.4406389013,NaN,NaN,4.8270302985,2.7791480192,4.3307940532,0.2516411065,2.2814467236,3.564993906,NaN,NaN,3.8316392334,4.0632032197,NaN,NaN,NaN,2.3947837866
1990,-0.350693242,4.3456415386,3.1374024555,0.193024882,3.6975787918,NaN,1.607443635,NaN,0.5052388232,2.6202019263,5.2550060847,0,NaN,1.1693703316,8.4665279551,7.3151991628,1.9857749028,5.5723982995,9.2973864486,5.3199321786,5.0683064091,4.1831272249,0.3234368249,1.9268168502,NaN,3.950523332,NaN,NaN,3.7813934596,1.0102991713,3.6746256332,9.2553076106,0.7792661463,1.8560921011,NaN,NaN,3.0958393107,3.8390249284,NaN,NaN,NaN,-0.3177558059
1991,0.4398406024,3.4416274141,1.8330742975,-2.0921632631,7.9699005509,-11.6149423582,1.3004270378,NaN,-5.9999258009,1.0393698714,5.1082615094,3.1000000016,NaN,-0.2235255109,1.9296395376,7.7261151527,1.5384475536,3.3243407748,9.7128643669,8.6441905194,4.2222507157,2.4390382458,-1.0951554752,3.1054517166,-7.0155788101,4.368206469,NaN,-8.9001072052,2.5460005662,-1.1212885082,-0.9158165712,0.9265161785,-1.7781744383,-0.2612212092,NaN,NaN,1.3906806145,8.4775695509,NaN,NaN,NaN,-1.0182621065
1992,4.1128676013,2.0935247314,1.5306548101,0.8751922837,12.2780235119,-0.5065423508,1.9754605,NaN,-3.4849875184,1.4779394665,1.9118869493,0.6999999999,-3.0641803452,-3.3738941435,3.3432742436,7.7592661171,0.834275467,0.8190298588,5.7652071883,1.8196527595,3.628658798,1.7060767721,1.1072819339,3.5231570537,2.5149786253,1.089476473,NaN,-5.4636988489,0.9292154359,-1.2034945292,-0.043732993,5.9842827093,0.8576298696,3.4047696996,NaN,NaN,2.2241593763,14.2407063449,NaN,NaN,NaN,-2.1370316259
1993,4.0508836596,0.5268094598,-0.9618730908,2.3385427721,6.9862640598,0.0619042501,-0.0896050399,NaN,-0.810697527,-0.6673287697,-1.0020974132,-1.5999999998,-0.5761085173,1.3134494657,2.692609172,4.1167563911,-0.8528057543,0.1710627196,6.3293971469,4.2006479951,1.9505245519,1.2576164447,6.3654373854,2.7865876768,3.7383103154,-2.0432770414,1.901327293,2.8434179989,-1.0314917745,-2.0577874814,-0.125983546,8.0420202315,3.0910080972,2.8725554663,NaN,NaN,1.4934241011,13.9643146607,NaN,NaN,NaN,1.2335463282
1994,3.9884914102,2.4021187665,3.2269714687,4.8042100973,5.7081190924,2.9093094616,5.5253969226,-1.642424385,3.6537351583,2.2473883822,2.4717514124,2.0000000008,2.9471545568,3.6088579345,5.7558270007,7.4278452566,2.1510236478,0.8635782438,8.7718515974,3.8209212277,4.4153258154,2.961084277,5.0115687182,5.0514263536,5.2928020538,0.964838232,6.2055302828,5.3274875498,2.3831953129,4.0126224563,1.2697576966,-5.4556628631,4.5765106522,4.1145346291,NaN,NaN,3.1112556633,13.0806818358,NaN,7.5399688091,NaN,3.2341092358
1995,3.9935801636,2.6679836644,2.3847572219,2.8084290618,10.6275772074,6.2214060023,3.0651754296,4.4801251622,3.9624536388,2.047299667,1.6770043648,2.0997197746,1.4895254754,0.1165837062,9.6344223085,6.6029248381,2.8868367364,1.9423434223,8.9306870991,1.4322002447,-6.1669941278,3.1159784109,4.1752963469,4.1863416173,6.9518566217,4.2827804033,5.8434953752,4.1071603955,2.7574940322,3.9385357293,0.4808664442,7.191218563,3.1794103154,2.5489727935,NaN,NaN,2.4488207644,10.9249803295,NaN,8.2201460689,NaN,3.1156687372
1996,3.9005734352,2.466643934,1.4247756369,1.6187998852,7.3707839842,4.539679076,2.8345451518,5.8898959764,3.5694473669,1.0676147957,0.7907817442,2.3584020419,0.1608837413,4.7850624276,9.3227510582,5.4299800056,1.1346847055,2.6100546285,7.1858871685,1.5151515152,5.1533150619,3.406520394,3.2454897316,5.0997729782,6.2389167966,3.6885003863,6.9413713851,3.6477241754,2.4170123322,1.612216884,0.4846723504,7.005319427,3.113576439,3.7860730163,1.5096243425,1.8226657915,3.1044734215,10.0085234485,NaN,7.8179924642,-3.6077663796,4.3066977289
1997,4.5241369702,2.3089108751,3.7350373174,4.2259165021,6.6001590141,-0.8525245171,3.1984542064,11.7363566936,6.2057883752,2.1838368469,1.7372786371,3.6376081748,3.1271786441,4.9131896176,11.495387057,3.1843999929,1.866011777,1.5956285884,5.7667388925,5.9377709075,6.7719724015,4.2784446924,2.719423134,5.3926228343,7.0862805253,4.4068791069,4.441561737,4.9573339939,3.8686940098,2.7084179659,2.0422167757,7.5288009511,3.8602084445,4.5057363215,2.5650641058,2.7817007368,3.683957097,9.2970337623,NaN,4.6999041561,1.3811452907,2.6468159135
1998,4.9543734124,3.7855427484,1.9288436475,4.0974324605,3.257309069,-0.2359752421,2.1604562391,6.8096899906,5.0310418587,3.3782606413,1.8618486284,3.3636835401,4.0734609055,6.3167951429,8.7921973998,4.2469400172,1.4481651807,-2.0031478338,-5.7138918537,6.4913041764,5.0303764144,3.9234638803,1.3102526773,2.6828051986,4.981633948,5.1383989956,4.3609525486,3.5149195042,4.4681606839,4.2049526898,2.7341921512,3.0918633687,3.5146625441,4.4014228473,2.773428742,2.9331970692,2.7274283074,7.8333468533,NaN,-13.126748574,-5.344864598,0.5173744258
1999,3.846027789,3.5391278038,3.5396972805,5.5317628824,-0.7297716001,1.6792874587,2.5604514469,-0.2712535701,3.9083714153,3.2919752313,1.8710793857,3.4193916191,3.1976991126,4.0941606841,11.051465401,3.2923400019,1.4510927271,-0.1993373189,10.7305959831,8.4203607007,3.7568491301,4.6843813222,5.1181102362,2.0257265959,4.5241986214,4.0731527024,0.0377429181,5.3256155291,4.7459373894,4.6598378336,1.3960971699,-3.3653439562,3.1667291941,4.8689028569,2.8788345342,2.967533917,3.4200679906,7.6198357217,NaN,0.7911528615,6.351100636,2.3581202161
2000,1.8994801309,3.6675888356,3.6696909963,5.2332886461,4.4576712862,4.1856505056,3.528655889,9.6971748629,5.3237513246,3.6801117069,3.057649432,4.4774057029,4.22523544,4.3246608247,10.7387553041,8.6605699916,3.653596071,2.2574953022,8.7977752648,8.4418523231,6.590974541,3.9410368487,2.2556179775,3.2535824432,4.2598033913,3.9155840697,1.3683919445,4.2655308769,5.0498153264,4.452192565,3.6711879822,6.7744553064,4.2354634042,4.1732408436,3.7702604466,3.8744485743,4.1124610612,8.4312794563,NaN,4.9200413863,10.0456569937,4.1545565177
2001,3.9131099686,0.8574026009,0.8077116773,1.7838012203,3.3481803906,3.097349644,0.7048341026,6.2816443883,2.2837474942,1.8356652951,1.5143710724,4.1971746424,3.712201808,3.9216019517,5.2962073,-0.1820599972,1.8626274499,0.3554617148,3.9734643617,2.5178553149,-0.0328261074,1.9258566006,3.5812066771,1.9900443712,1.2053016076,1.9747508969,3.4819899311,2.9396336223,3.6694305667,1.2623104339,1.2431515963,-5.6974764682,2.8853745704,1.0933761124,1.9813883997,2.1260434926,1.3852837547,8.3003175767,NaN,3.6434664472,5.0911187921,2.7354623995
2002,3.1509029925,1.6937298632,1.3597381719,2.924529481,2.1669086339,2.149300055,0.4658482802,6.5604285342,1.834129602,0.9288527004,0.0101481632,3.4394073702,4.5061090718,0.1389602878,5.6376664863,-0.0685799957,0.4514362528,0.2895484509,7.1500185052,4.0901601883,0.7719474312,0.0763132926,4.8841937765,1.5020974229,1.4434991867,0.7644337544,4.5828924288,3.8268506848,2.7101824376,2.4834170777,0.1853698696,6.1638396371,2.4329185044,1.8279979787,0.9124349944,1.2892427863,1.7050112307,9.0820679374,NaN,4.4994753909,4.7437826815,3.6678298595
2003,4.1474591959,0.8659194452,0.8069204327,1.8810743296,3.9567485033,3.766174432,0.3838311633,7.7653867125,2.0124333667,0.8994980518,-0.3754439371,5.9437904795,3.8504243623,2.4344129075,3.8846477601,1.4764999849,-0.0465783005,1.6851117218,2.802776286,1.6654921393,1.3902636795,0.3356039954,3.891440853,0.9808794213,3.8671593836,-0.9111161285,4.7750270317,2.9300494692,3.0894415968,2.3357018033,0.021085753,5.2652653582,3.8148962389,2.5526061482,0.7181558272,1.4509355408,2.0680835103,10.025378819,NaN,4.7803691217,7.2958544103,2.9490744247
2004,3.1868765471,2.5895798537,3.2742442003,3.1199769792,7.0161322182,4.7425908456,2.2964870435,6.342836963,4.1248709643,2.5446711908,1.1611326136,4.3676043556,4.7971873794,7.835800887,4.3627296869,4.8991600103,1.7306652777,2.3607301135,4.6190335289,4.370610971,4.0695740744,2.236514565,3.512031283,3.9610305115,5.3447997761,1.5603315729,5.0578042267,4.4018069214,3.2593010694,4.2348617099,2.421136056,9.3628075558,2.9081250062,3.479774184,2.2039731539,2.5319597598,3.1936904033,10.0850398632,NaN,5.030873945,7.1759493079,4.5545434037
2005,3.0427413913,2.4006723593,1.7510690018,3.0190573454,6.1767136792,6.7524507915,2.4451479241,8.8534966273,2.9160598664,1.8265045136,0.6846556585,2.2803538783,3.9644323258,7.2299809597,5.8761316055,4.917639996,0.9312671361,1.3027281443,3.9571537031,5.2530008206,3.2753584631,2.0464668831,3.2165278115,2.5889355801,3.617049813,0.7750755532,6.6552172621,4.0072559231,3.5836461451,3.1607849886,2.6949521219,8.4016178585,2.7742751859,3.0756230824,1.707079706,2.0789652401,2.6990241955,11.3100352395,9.3189337693,5.6925713038,6.3761870182,5.2771169916
2006,3.7879906028,3.6697902925,2.6664042018,2.8230327286,5.6943357457,7.0203808917,3.3947103945,10.0973433022,4.4105923308,2.4668588849,3.7,5.5075188828,3.8937277716,4.7089707823,5.4043564677,5.798025593,2.1989238036,1.6929042449,5.1786733614,4.9359916748,5.0587728392,3.3941882366,1.6902691826,2.2987819228,6.2274865708,1.4482936951,8.3454076049,5.8496026323,4.0762214368,4.2971789664,3.7515567451,6.8934893485,2.6004272857,2.6591214791,3.2495637397,3.3368332714,3.1483852823,12.6765341839,9.2718322241,5.5009574968,8.153431834,5.6037176926
2007,3.7689271325,3.7059487645,2.8833052992,2.2000213556,5.1608255386,5.7351307344,1.5832620857,7.4922039033,5.335225212,2.2852130085,3.269045323,3.5361784263,0.1103795461,5.9850002091,5.4450865559,5.897170002,1.6830627399,2.1921862325,5.1058355216,6.5880441764,3.3634494022,3.9206304054,3.5625480694,2.6530261914,6.7852732609,2.365354225,10.4939356104,6.9602304278,3.4791846558,3.3142453555,3.8457180673,4.6685794008,3.6326722574,1.9072132978,2.9991040774,3.2392145569,2.7743421248,14.162394978,9.8170036773,6.3450056596,8.5350801856,5.5477569147
2008,1.6481594493,1.4362590957,0.9851813366,0.6887268734,3.2924553541,3.0990016934,-0.7838522252,-4.1513553349,0.2935704448,-0.0806681359,1.0832010458,-0.2151091701,0.8931496692,1.1880633984,-2.1085663046,4.1106599972,-1.1562314862,-1.0416360344,2.2983760309,-0.7345774186,1.2177874623,1.8040587697,-1.8508637845,0.0675707536,5.1265490929,-0.0085023582,5.7504775641,3.3832900814,0.8916965212,-0.6134161364,2.1642559876,0.6588384449,-0.9678778254,-0.3590882809,0.3763822054,0.3409296529,0.1632804294,9.6346682187,4.9323753687,6.0137132965,5.2479536437,3.622103
2009,2.0875759955,-3.7826564351,-2.7871836527,-2.7697681799,-1.0364317776,-4.5071388017,-5.6663155908,-14.0722192913,-8.5386125733,-3.1470694886,-5.1270207852,-3.136635921,-6.7673951946,-6.5653462674,-5.4563631675,1.1064400049,-5.4944073153,-5.5269764887,0.3194996253,-4.0776612363,-5.9974402891,-3.6675765718,0.9425160698,-1.6348853263,1.6282924137,-2.9083574355,-4.935620599,-7.8405599293,-3.7447554119,-5.027744594,-1.9368307187,-4.8258752033,-3.9744226429,-3.1090614788,-4.3864126542,-4.2937165588,-3.6117369308,9.2141989621,9.1049295233,4.57563067,-7.8208849817,-1.5263469404
2010,2.4332015118,2.0509275797,2.4160911672,3.2149484078,6.0952056174,2.4693114838,1.5772420022,3.3303644212,3.3630323265,1.7247755948,4.1577409932,-4.9436995232,1.316864863,-4.0981748466,-0.7662344336,4.9831599988,1.7232884524,4.6521118556,6.3202540359,2.9149644354,5.3236235078,1.5277264325,0.236521891,0.4781120869,3.8747345678,1.9364096944,4.3821710097,1.2394501171,-0.3198290174,6.5568450912,3.0337016839,9.1569528917,1.799319905,2.3798266351,1.9905233246,2.0793176608,2.981781193,10.4469891605,NaN,6.1048657012,4.5037256436,3.0866356595
2011,3.364370947,2.6964031094,1.8398119466,2.5660512923,5.9882266161,1.8186132076,1.1044048521,8.2824379748,2.7267398894,2.0268748193,3.0288866037,-7.1058188643,1.6459365825,2.8899877194,1.4306866567,4.6045299961,0.3735174979,-0.5703165285,3.6821443789,1.6565792964,3.9177406294,0.9445349695,1.076720902,1.2178302499,4.5208017874,-1.554863605,3.2262968504,0.5998733722,0.4178731088,3.7066665423,1.9270567826,8.7727476151,0.9923011001,1.80033867,1.4355530812,1.5528736041,1.9221316582,NaN,NaN,NaN,4.2909966411,3.4572313919
2012,-3.4502315453,0.8499013295,-0.2810104241,1.8366540519,5.55537051,-1.2353709702,-0.3765919423,3.2243633263,-0.8266974275,0.0138792984,0.6714454224,-6.3733667417,-1.7284045444,1.6392321574,0.9378902193,3.1790700069,-2.3689255063,1.9963980233,2.0440985066,0.3134043361,3.9244569852,-1.2471751438,2.9723594989,3.0912976613,1.8649627944,-3.2488569033,2.0266781249,-2.3368061672,-1.4188112154,0.7410781954,0.9798687618,2.239179141,0.2726803437,2.2085453542,-0.5980085559,-0.3440569436,1.2033681547,NaN,NaN,NaN,3.4421736389,2.5484642154
