Time;Australia;Austria;Belgium;Canada;Czech Republic;Denmark;Estonia;Finland;France;Germany;Greece;Hungary;Iceland;Ireland;Israel;Italy;Korea;Luxembourg;Netherlands;New Zealand;Norway;Poland;Portugal;Slovak Republic;Slovenia;Spain;Sweden;Switzerland;United Kingdom;United States
1965;882;NaN;NaN;NaN;NaN;NaN;NaN;NaN;NaN;NaN;NaN;NaN;NaN;NaN;NaN;NaN;NaN;NaN;NaN;NaN;NaN;NaN;NaN;NaN;NaN;NaN;NaN;NaN;NaN;NaN
1966;906;NaN;NaN;NaN;NaN;NaN;NaN;NaN;NaN;NaN;NaN;NaN;NaN;NaN;NaN;NaN;NaN;NaN;NaN;NaN;NaN;NaN;NaN;NaN;NaN;NaN;NaN;NaN;NaN;NaN
1967;1028;NaN;NaN;NaN;NaN;NaN;NaN;NaN;NaN;NaN;NaN;NaN;NaN;NaN;NaN;NaN;NaN;NaN;NaN;NaN;NaN;NaN;NaN;NaN;NaN;NaN;NaN;NaN;NaN;NaN
1968;1278;NaN;NaN;NaN;NaN;NaN;NaN;NaN;NaN;NaN;NaN;NaN;NaN;NaN;NaN;NaN;NaN;NaN;NaN;NaN;NaN;NaN;NaN;NaN;NaN;NaN;NaN;NaN;NaN;NaN
1969;1685;NaN;NaN;NaN;NaN;NaN;NaN;NaN;NaN;NaN;NaN;NaN;NaN;NaN;NaN;NaN;NaN;NaN;2434;NaN;NaN;NaN;NaN;NaN;NaN;NaN;NaN;NaN;NaN;NaN
1970;1508;NaN;NaN;3514;NaN;NaN;NaN;NaN;NaN;NaN;NaN;NaN;NaN;NaN;NaN;NaN;186200;NaN;2668;NaN;NaN;NaN;NaN;NaN;NaN;NaN;NaN;NaN;NaN;5800
1971;1670;NaN;NaN;3582;NaN;NaN;NaN;NaN;NaN;NaN;NaN;NaN;NaN;NaN;NaN;NaN;193100;NaN;2891;NaN;NaN;NaN;NaN;NaN;NaN;NaN;NaN;NaN;NaN;-3000
1972;1511;NaN;NaN;3785;NaN;NaN;NaN;NaN;NaN;NaN;NaN;NaN;NaN;NaN;NaN;NaN;117800;NaN;3283;NaN;NaN;NaN;NaN;NaN;NaN;NaN;NaN;NaN;NaN;11800
1973;2386;NaN;NaN;5681;NaN;NaN;NaN;NaN;NaN;NaN;NaN;NaN;NaN;NaN;NaN;NaN;181600;NaN;4530;NaN;NaN;NaN;NaN;NaN;NaN;NaN;NaN;NaN;NaN;26100
1974;1630;NaN;NaN;8135;NaN;NaN;NaN;NaN;NaN;NaN;NaN;NaN;NaN;NaN;NaN;NaN;213000;NaN;4227;NaN;NaN;NaN;NaN;NaN;NaN;NaN;NaN;NaN;NaN;19900
1975;1280;NaN;NaN;1537;NaN;NaN;NaN;1852;NaN;NaN;NaN;NaN;NaN;NaN;NaN;NaN;304100;NaN;3029;NaN;NaN;NaN;NaN;NaN;NaN;NaN;NaN;NaN;NaN;-38800
1976;928;1679.11;NaN;2100;NaN;NaN;NaN;2513;NaN;NaN;NaN;NaN;NaN;NaN;NaN;NaN;667500;NaN;3832;NaN;NaN;NaN;NaN;NaN;NaN;NaN;NaN;NaN;NaN;-18100
1977;-181;2389.48;NaN;265;NaN;NaN;NaN;2425;NaN;NaN;NaN;NaN;NaN;NaN;NaN;NaN;816100;NaN;4632;NaN;NaN;NaN;NaN;NaN;NaN;NaN;NaN;NaN;NaN;-2200
1978;-268;2280.11;NaN;-1607;NaN;NaN;NaN;1984;7537;NaN;NaN;NaN;NaN;NaN;NaN;NaN;1390700;NaN;3264;NaN;NaN;NaN;NaN;NaN;NaN;NaN;NaN;NaN;NaN;23700
1979;1893;2297.43;NaN;57;NaN;NaN;NaN;2130;15260;NaN;NaN;NaN;NaN;NaN;NaN;NaN;2062800;NaN;3693;NaN;NaN;NaN;NaN;NaN;NaN;NaN;NaN;NaN;NaN;34800
1980;964;3056.07;NaN;-2000;NaN;NaN;NaN;2646;17256;NaN;NaN;NaN;NaN;NaN;NaN;-5566;2001900;NaN;3280;NaN;NaN;NaN;NaN;NaN;NaN;NaN;NaN;NaN;NaN;-4500
1981;286;3349.34;NaN;3122;NaN;NaN;NaN;3454;9180;NaN;NaN;NaN;NaN;NaN;NaN;-15191;2543200;NaN;1898;NaN;NaN;NaN;NaN;NaN;NaN;NaN;NaN;NaN;NaN;1900
1982;-2572;1782.2;NaN;-10545;NaN;NaN;NaN;3148;9429;NaN;NaN;NaN;NaN;NaN;NaN;-16793;3151200;NaN;-683;NaN;NaN;NaN;NaN;NaN;NaN;NaN;NaN;NaN;NaN;-86500
1983;-3063;1357.32;NaN;-15998;NaN;NaN;NaN;2728;8687;NaN;NaN;NaN;NaN;NaN;NaN;-21820;4298100;NaN;-773;NaN;NaN;NaN;NaN;NaN;NaN;NaN;NaN;NaN;NaN;-121400
1984;-2255;2779.9;NaN;-16977;NaN;NaN;NaN;3739;8805;NaN;NaN;NaN;NaN;NaN;NaN;-27496;4596700;NaN;230;NaN;NaN;NaN;NaN;NaN;NaN;NaN;NaN;NaN;NaN;-104500
1985;-1781;2838.09;-7732.3;-21010;NaN;NaN;NaN;4088;6898;NaN;NaN;NaN;NaN;NaN;NaN;-32394;4880500;NaN;2729;NaN;NaN;NaN;NaN;NaN;NaN;NaN;NaN;NaN;NaN;-112200
1986;2741;1765.78;-8441.9;-17488;NaN;NaN;NaN;4734;4975;NaN;NaN;NaN;NaN;NaN;NaN;-33153;5524600;NaN;1220;923;NaN;NaN;NaN;NaN;NaN;NaN;NaN;NaN;NaN;-125600
1987;6608;625.54;-6366;-11403;NaN;NaN;NaN;3764;12970;NaN;NaN;NaN;NaN;NaN;NaN;-33495;7033500;NaN;261;1175;NaN;NaN;NaN;NaN;NaN;NaN;NaN;NaN;NaN;-88600
1988;9768;1700.57;-5839.2;-5673;NaN;NaN;NaN;7168;13473;NaN;NaN;NaN;NaN;NaN;NaN;-34659;9894800;NaN;911;1228;NaN;NaN;NaN;NaN;NaN;NaN;NaN;NaN;NaN;-69700
1989;9569;1953.92;-8261.4;-8251;NaN;NaN;NaN;8586;22427;NaN;NaN;NaN;NaN;NaN;NaN;-42270;11230500;NaN;-1680;527;NaN;NaN;NaN;NaN;NaN;NaN;NaN;NaN;NaN;-50800
1990;2755;2937.76;-7652.7;-15872;NaN;4104;NaN;8269;22577;NaN;NaN;NaN;NaN;-406.34;NaN;-44926;14361600;970.9;-3334;-799;NaN;NaN;NaN;NaN;NaN;NaN;NaN;13784.5;12441;-99600
1991;-8403;2753.95;-8922.2;-34129;NaN;-9556;NaN;2738;13936;20890;NaN;NaN;NaN;-524.96;NaN;-53435;15986400;710.55;2688;-1386;NaN;NaN;NaN;NaN;NaN;NaN;NaN;9037.3;1036;-146200
1992;-10970;4272.39;-10280.6;-42057;NaN;-3246;NaN;-1414;-713;26010;NaN;NaN;NaN;-572.98;NaN;-65109;18204700;701.73;-1827;-922;NaN;NaN;NaN;NaN;NaN;NaN;NaN;4511.02;-20862;-221100
1993;-4174;991.98;-8460.1;-42741;NaN;-15807;NaN;-3375;-18721;13730;NaN;NaN;NaN;-510.41;NaN;-55951;21859500;946.98;1323;1266;NaN;NaN;NaN;NaN;NaN;NaN;-80171;1858.47;-32105;-185500
1994;-3771;123.82;-4761.3;-30069;NaN;-11699;NaN;-1809;-11764;19280;NaN;NaN;NaN;208.62;NaN;-51657;27463500;1085.63;-883;4345;NaN;NaN;NaN;NaN;NaN;NaN;-72940;4185.57;-27034;-108100
1995;482;-2409.25;-4178.6;-21242;86964;-9297;163.7;-738;-10738;950;-5455;-159461;9621;-74.36;-728.923464;-36086;36357800;1119.2511;-2462;4751;NaN;-1560;-1467.057;838.185786;342.263841;-8759;-55838;6501.01;-21882;-85300
1996;10363;676.4;-3393.7;-3237;81172;1168;153.6;665;-1676;-9850;-4608;-23953;18112;984.51;-4206.340527;-37361;43340800;1120.1784;2900;5211;97890.21;80;-687.244;31.450043;352.896817;-5820;384;5952.28;-15901;-9600
1997;16380;3219.24;715.9;19432;79710;16063;300.9;1859;-167;-3320;-2577;-58768;25600;2143.8;-3489.226497;-3119;49277500;1262.5414;5480;3960;123970.1;46;619.994;209.128527;197.884542;784;34123;1841.73;-4512;102200
1998;24051;3036.76;3539.5;18997;84111;21095;235.4;5230;13424;7750;-300;-25348.909091;28997.4;3239.63;-17949.4878;1442;43997700;1501.8065;7114;2976;80050.1;3604;859.216;212.022705;340.452859;6185;62231;7438.65;13142;209300
1999;33222;2249.64;4722;35381;66334;36896;49.8;5916;27187;23360;719;-55037;42082.76;5981.48;-15206.176;16379;49185300;1682.2311;13064;2960;119135.1;10890;1441.873;245.815309;353.017011;15871;84176;10902.32;23457;273800
2000;17128;2525.49;6502.3;54910;52695;50626;217.8;12491;29962;31460;-234;333562;44962.25;8168.3;-6861.08699;14989;69942900;2345.9424;18815;5110;275624.99;-414;448.907;-87.997079;151.775945;19253;142129;21327.92;26787;369600
2001;21899;6633.02;5986.5;32795;59912;38815;296.8;10709;30256;-530;-166;301908;36451.96;5958.04;-19034.6965;8716;70576300;2205.0787;15490;5542;247129;-9428;-1107.421;-475.336918;88.457828;24470;103967;16472.09;24446;176300
2002;29300;4714.03;5020.7;26459;49095;24821;441.1;9798;3147;-19470;-1109;-84430;16968.49;4523.35;-26687.78906;189;81669500;1941.6997;7725;8395;185659;-7695;-831.749;-693.28819;325.382413;29431;39722;13167.62;-1242;-156300
2003;32154;2852.3;1582.9;28486;36173;19632;521.1;7467;-11840;-28550;-3237;-391715;13969.51;5121.37;-29695.92765;-13252;85089400;1584.7164;3117;9547;166369;-14915;-2161.349;92.146319;444.778592;28896;43449;7346.02;-13226;-266600
2004;38251;4376.65;4125.4;44948;113243;48823;496.8;7552;-2588;-27280;-5527;-428069;43447.76;6829.91;-20436.17043;-6917;80731800;1242.7752;6816;10789;244946;-14306;-3620.963;140.476665;585.782633;35821;87139;7131.76;-14754;-229600
2005;49508;3201.95;5119.8;60300;108906;100163;590;8116;4305;-18980;-5528;-704948;89409.04;7899.69;-15810.29549;-11979;84862300;1737.6188;14522;12640;347972.01;-2306;-4949.447;479.519352;706.96231;49092;140627;11016.78;-14268;-83300
2006;54381;3510.8;6595.2;67361;118933;108267;908.1;10339;23251.03;15200;-7950;-966545;126718.65;10954.81;-2111.475917;19394;91005600;2202.0521;18724;14543;460498.01;6941;-3168.781;-130.715491;884.57701;65986;157048;18111.53;-3331;30200
2007;49174;6718.13;6525.6;68605;163124;109593;1218.1;13859;20708.98;59540;-9690;-96919;132414.23;7878.5;6393.713915;33331;103428300;3012.4291;19404;13770;469140;29041;-1156.648;426.442276;1638.175035;71775;207986;22075.96;-5215;-33100
2008;-3950;6622.1;3129.4;46768;124567;96098;520;12499;11940;59200;-15171;-46012;68487.48;-2510.22;-8419.237079;13132;96117400;2802.4369;24617;7828;560660.6;17129;-2308.572;650.60081;1338.992216;7655;173281;31962.91;-23858;-483700
2009;-12312;-1563.63;-10238.2;-14024;-32236;-10713;278.2;393;-64725;-10610;-27314;-408235;-78694.47;-12350.24;-29328.65725;-31137;72590000;1566.6621;-4292;1863;335594;-23982;-11705.558;-2372.562;-154.35969;-55238;78817;22966.08;-93780;-1137200
2010;-7928;-1149.34;-6745.9;-19500;-21275;-5022;307.4;-599;-65822;-16870;-19776;-636167;-40215.45;-11554.48;-20064.72753;-22672;86653600;1740.1001;-3264;1055;363528.9;-39636;-12037.098;-3060.67;-245.804556;-47744;114339;21732.54;-97518;-1186200
2011;3931;2769.14;-5623.3;NaN;17478;10656;539.2;2844;-32435;39120;-18232;-676140;-32908.24;-10604.21;-18341.72067;-21376;95041000;1927.8614;-3242;NaN;455567;-8147;-8328.595;-1656.63;-309.569465;-55191;122554;24653.87;-75528;-1102100
2012;NaN;4620.96;-5190.5;NaN;29928;854;727.7;725;-23796;60560;-9271;-77549.511395;-3603.24;-9184.16;NaN;-4182;NaN;1795.4501;-1326;NaN;491809.1;-4139;-7748.575;-1572.503;-107.996806;-48490;95880;NaN;-84628;NaN
