;Australia;Austria;Belgium;Canada;Czech Republic;Denmark;Estonia;Finland;France;Germany;Greece;Hungary;Iceland;Ireland;Israel;Italy;Korea;Luxembourg;Netherlands;New Zealand;Norway;Poland;Portugal;Slovak Republic;Slovenia;Spain;Sweden;Switzerland;United Kingdom;United States
1965;601;NaN;NaN;NaN;NaN;NaN;NaN;NaN;NaN;NaN;NaN;NaN;NaN;NaN;NaN;NaN;NaN;NaN;NaN;NaN;NaN;NaN;NaN;NaN;NaN;NaN;NaN;NaN;NaN;NaN
1966;643;NaN;NaN;NaN;NaN;NaN;NaN;NaN;NaN;NaN;NaN;NaN;NaN;NaN;NaN;NaN;NaN;NaN;NaN;NaN;NaN;NaN;NaN;NaN;NaN;NaN;NaN;NaN;NaN;NaN
1967;710;NaN;NaN;NaN;NaN;NaN;NaN;NaN;NaN;NaN;NaN;NaN;NaN;NaN;NaN;NaN;NaN;NaN;NaN;NaN;NaN;NaN;NaN;NaN;NaN;NaN;NaN;NaN;NaN;NaN
1968;782;NaN;NaN;NaN;NaN;NaN;NaN;NaN;NaN;NaN;NaN;NaN;NaN;NaN;NaN;NaN;NaN;NaN;NaN;NaN;NaN;NaN;NaN;NaN;NaN;NaN;NaN;NaN;NaN;NaN
1969;896;NaN;NaN;NaN;NaN;NaN;NaN;NaN;NaN;NaN;NaN;NaN;NaN;NaN;NaN;NaN;NaN;NaN;1416;NaN;NaN;NaN;NaN;NaN;NaN;NaN;NaN;NaN;NaN;NaN
1970;975;NaN;NaN;3309;NaN;NaN;NaN;NaN;NaN;NaN;NaN;NaN;NaN;NaN;NaN;NaN;NaN;NaN;1675;NaN;NaN;NaN;NaN;NaN;NaN;NaN;NaN;NaN;NaN;23100
1971;1026;NaN;NaN;3751;NaN;NaN;NaN;NaN;NaN;NaN;NaN;NaN;NaN;NaN;NaN;NaN;NaN;NaN;1868;NaN;NaN;NaN;NaN;NaN;NaN;NaN;NaN;NaN;NaN;24500
1972;1159;NaN;NaN;4244;NaN;NaN;NaN;NaN;NaN;NaN;NaN;NaN;NaN;NaN;NaN;NaN;NaN;NaN;1986;NaN;NaN;NaN;NaN;NaN;NaN;NaN;NaN;NaN;NaN;26300
1973;1410;NaN;NaN;4910;NaN;NaN;NaN;NaN;NaN;NaN;NaN;NaN;NaN;NaN;NaN;NaN;NaN;NaN;2276;NaN;NaN;NaN;NaN;NaN;NaN;NaN;NaN;NaN;NaN;31300
1974;1808;NaN;NaN;5488;NaN;NaN;NaN;NaN;NaN;NaN;NaN;NaN;NaN;NaN;NaN;NaN;NaN;NaN;2775;NaN;NaN;NaN;NaN;NaN;NaN;NaN;NaN;NaN;NaN;35600
1975;2093;NaN;NaN;6639;NaN;NaN;NaN;104;NaN;NaN;NaN;NaN;NaN;NaN;NaN;NaN;NaN;NaN;3123;NaN;NaN;NaN;NaN;NaN;NaN;NaN;NaN;NaN;NaN;40000
1976;2750;766.58;NaN;8242;NaN;NaN;NaN;123;NaN;NaN;NaN;NaN;NaN;NaN;NaN;NaN;NaN;NaN;3575;NaN;NaN;NaN;NaN;NaN;NaN;NaN;NaN;NaN;NaN;46300
1977;3071;933.78;NaN;9432;NaN;NaN;NaN;163;NaN;NaN;NaN;NaN;NaN;NaN;NaN;NaN;NaN;NaN;3943;NaN;NaN;NaN;NaN;NaN;NaN;NaN;NaN;NaN;NaN;50800
1978;3680;1200.94;NaN;11741;NaN;NaN;NaN;193;3530.17;NaN;NaN;NaN;NaN;NaN;NaN;NaN;NaN;NaN;4474;NaN;NaN;NaN;NaN;NaN;NaN;NaN;NaN;NaN;NaN;59100
1979;4415;1380.89;NaN;14057;NaN;NaN;NaN;258;4428;NaN;NaN;NaN;NaN;NaN;NaN;NaN;NaN;NaN;5010;NaN;NaN;NaN;NaN;NaN;NaN;NaN;NaN;NaN;NaN;71600
1980;5381;1620.02;NaN;17033;NaN;NaN;NaN;322;5374.88;NaN;NaN;NaN;NaN;NaN;NaN;9003;NaN;NaN;6031;NaN;NaN;NaN;NaN;NaN;NaN;NaN;NaN;NaN;NaN;87100
1981;6766;1930.06;NaN;22530;NaN;NaN;NaN;393;8465.99;NaN;NaN;NaN;NaN;NaN;NaN;12409;NaN;NaN;7505;NaN;NaN;NaN;NaN;NaN;NaN;NaN;NaN;NaN;NaN;113100
1982;7841;2338.49;NaN;27419;NaN;NaN;NaN;503;10009.27;NaN;NaN;NaN;NaN;NaN;NaN;18891;NaN;NaN;9022;NaN;NaN;NaN;NaN;NaN;NaN;NaN;NaN;NaN;NaN;134500
1983;9309;2431.77;NaN;29858;NaN;NaN;NaN;679;14057.96;NaN;NaN;NaN;NaN;NaN;NaN;26153;NaN;NaN;10226;NaN;NaN;NaN;NaN;NaN;NaN;NaN;NaN;NaN;NaN;152000
1984;11323;2900.33;NaN;35147;NaN;NaN;NaN;842;16120.83;NaN;NaN;NaN;NaN;NaN;NaN;32095;NaN;NaN;11449;NaN;NaN;NaN;NaN;NaN;NaN;NaN;NaN;NaN;NaN;182000
1985;13528;3219.39;13042.5;40585;NaN;NaN;NaN;1006;18722.8;NaN;NaN;NaN;NaN;NaN;NaN;36200;NaN;NaN;12426;NaN;NaN;NaN;NaN;NaN;NaN;NaN;NaN;NaN;NaN;202800
1986;15256;3498.49;13892.2;43222;NaN;NaN;NaN;1020;20397.57;NaN;NaN;NaN;NaN;NaN;NaN;41710;NaN;NaN;12806;5312;NaN;NaN;NaN;NaN;NaN;NaN;NaN;NaN;NaN;208400
1987;16012;3936.76;13685.7;46279;NaN;NaN;NaN;1081;20712.63;NaN;NaN;NaN;NaN;NaN;NaN;41058;NaN;NaN;12744;6206;NaN;NaN;NaN;NaN;NaN;NaN;NaN;NaN;NaN;221000
1988;18122;4144.63;14359.6;50806;NaN;NaN;NaN;1193;21511.53;NaN;NaN;NaN;NaN;NaN;NaN;47891;NaN;NaN;13129;5841;NaN;NaN;NaN;NaN;NaN;NaN;NaN;NaN;NaN;237500
1989;18632;4538.63;17674.3;58285;NaN;NaN;NaN;1204;23958.81;NaN;NaN;NaN;NaN;NaN;NaN;58099;NaN;NaN;13211;6011;NaN;NaN;NaN;NaN;NaN;NaN;NaN;NaN;NaN;261800
1990;17872;5108.06;19622.6;64286;NaN;55314;NaN;1247;27397.57;NaN;NaN;NaN;NaN;2856.29;NaN;70727;NaN;49.55;14120;6217;NaN;NaN;NaN;NaN;NaN;NaN;NaN;4515.79;20899;283500
1991;17026;5668.6;19718.9;64526;NaN;57433;NaN;1597;29804.87;41230;NaN;NaN;NaN;2880.86;NaN;86913;NaN;49.22;15464;5022;NaN;NaN;NaN;NaN;NaN;NaN;NaN;5206.32;18674;300900
1992;16201;6098.68;20075.1;65241;NaN;54275;NaN;2099;32877.06;51770;NaN;NaN;NaN;2850.31;NaN;98534;NaN;49.55;16703;4438;NaN;NaN;NaN;NaN;NaN;NaN;NaN;6373.85;18739;301000
1993;18078;6360.2;20510.2;66851;NaN;60737;NaN;3693;36240.85;54330;NaN;NaN;NaN;2883.26;NaN;105040;NaN;57.13;16782;4087;NaN;NaN;NaN;NaN;NaN;NaN;70743;6774.87;19882;301600
1994;20374;6194.23;18459;69597;NaN;59673;NaN;3648;38385.08;56620;NaN;NaN;NaN;2829.66;NaN;99704;NaN;65.53;16073;4095;NaN;NaN;NaN;NaN;NaN;NaN;82926;7540.17;22784;311700
1995;20378;7132.89;18440.5;77527;15786;60084;14.4;3778;41105;64760;10060;509087;18769;2814.49;18405;109794;NaN;64.7468;17199;3887;NaN;19362;4907.827;457.777335;220.426789;22931;95925;7794.48;26186;342700
1996;17821;7239.47;17884.4;76284;20383;60732;14.5;4143;43830;65460;10329;644130;18224;2644.3;19407;115611;NaN;64.9893;16951;3601;25391;19278;4490.253;546.172741;247.095393;24796;99759;7498.04;27869;353700
1997;15460;6889.1;17034;74035;20444;56566;12.1;4496;43634;64880;10119;746028;18245;2568.79;22428;97448;NaN;66.9206;16869;3154;23060;23384;3787.958;572.993428;321.91854;23625;100846;7705.49;29557;359600
1998;14123;7114.07;16905.5;75476;22856;53163;27.2;4111;43733;66110;9650;733546;21013.75;2686.3;39384.32121;89297;NaN;72.0627;16932;3001;23297;24138;3408.922;663.977959;328.732499;22688;92030;7886.05;30467;360600
1999;13735;6970.39;16332.4;75030;20472;50008;15.5;3680;40892;63310;9337;776873;21506.44;2189.85;40564.85253;74857;NaN;64.2892;16515;2733;22034;19674;3468.024;953.827259;397.397875;20350;85476;7928.66;26305;346500
2000;14008;7518.38;16708.6;76491;18133;47700;12.7;3698;41454;65520;10054;702068;23033.01;2107.34;43170.05455;75887;6055400;74.3195;15265;2850;22468;22512;3785.929;1265.551351;444.711731;20417;78498;7759.95;26510;350700
2001;13892;7524.55;16846.8;73219;23792;45712;10.2;3692;45142;64970;9457;720998;25863.68;1757;41989.4101;78996;6457400;74.5186;14188;2864;28112;24335;3986.69;1354.212308;488.974943;20772;64279;7433.68;23771;329700
2002;14068;7339.12;15453.5;67081;29469;43667;16.3;3011;45561;63190;8741;696386;24360.48;1788.22;43923.89217;73404;6247200;63.283;13049;2746;27743;23354;3980.778;1307.774016;507.169883;19781;74432;7348.78;21445;300700
2003;13914;6927.71;14713.2;65413;28144;40173;18.2;2754;44789;64790;8587;766221;23074.45;1769.69;44871.70808;69049;6706400;57.7551;12386;2667;28801;25056;3895.768;1019.352055;491.823144;18554;56805;6958.95;22340;286400
2004;13504;6931.33;13915.8;63807;31619;37567;22;2683;45830;63130;8986;912702;22570.92;1709.17;44634.23939;66730;8178000;46.2049;12199;2645;24556;25485;3918.286;983.635398;460.17311;17192;48006;6825.43;23583;295700
2005;13445;7319.84;13083.4;62630;34047;32142;21.5;2650;46414;63220;9007;915910;22567.23;1737.36;46842.64808;67143;9636800;47.4709;12103;2664;23462;27499;3875.713;847.839076;446.81562;16271;51301;6784.37;26308;331900
2006;13444;7427.37;12821.2;62971;35313;28896;23.2;2575;46672;66140;9778;934704;25201.05;1846.33;41436.38129;68837;11729300;61.0947;11893;2622;33107;28132;4489.66;804.122685;432.581207;16159;50788;6613.47;27185;361100
2007;15014;7875.94;13117.1;63510;39821;26815;26.9;2643;51028.91;68510;10684;1035290;33942.24;1979.17;40345.0992;76884;12817600;89.2375;12583;2524;29803;27211;5083.994;852.320255;437.769982;16940;54877;6434.33;31333;402300
2008;16168;7517.71;13386.7;62041;39449;24583;33.8;2704;56609;68260;11937;1100135;49496.68;2397.55;38378.35554;80717;13954000;125.168;13202;2651;37329;28363;5311.174;833.466109;416.4019;17399;52853;6158.7;32904;388800
2009;21628;7707.61;12641;58361;47436;31120;27.8;2405;45757;63580;11917;1184788;98552.89;3289.51;38408.06396;69697;15814100;126.6112;12438;2839;33925;35524;4812.203;906.179;478.537981;18520;38094;5461.46;26906;346100
2010;25753;7569.21;12483.6;60210;51083;32740;19;2469;46955;63400;13193;1114013;84823.18;4983.63;39807.72834;69206;18343800;148.3004;11614;3724;32300;38112;4895.912;884.647;581.175561;20384;37351;5122.75;43669;375100
2011;25946;7795.27;12764.8;NaN;52546;33724;21.1;2683;52607;65860;15016;1170322;84150.07;5190.49;41621.10833;76493;19367400;198.6671;11936;NaN;30286;41030;6918.962;1084.384;693.404128;26120;41399;5060.4;49668;421700
2012;NaN;8052.22;13301.6;NaN;56029;32708;27.5;2777;52069;64990;9723;1206941.2375;91267.03;5911.71;NaN;84751;NaN;174.8304;10984;NaN;26500;45324;7293.73;1322.104;747.860321;31297;32533;NaN;46112;NaN
