Time;Australia;Austria;Belgium;Canada;Czech Republic;Denmark;Estonia;Finland;France;Germany;Greece;Hungary;Iceland;Ireland;Israel;Italy;Korea;Luxembourg;Netherlands;New Zealand;Norway;Poland;Portugal;Slovak Republic;Slovenia;Spain;Sweden;Switzerland;United Kingdom;United States
1965;339;NaN;NaN;NaN;NaN;NaN;NaN;NaN;NaN;NaN;NaN;NaN;NaN;NaN;NaN;NaN;NaN;NaN;NaN;NaN;NaN;NaN;NaN;NaN;NaN;NaN;NaN;NaN;NaN;NaN
1966;301;NaN;NaN;NaN;NaN;NaN;NaN;NaN;NaN;NaN;NaN;NaN;NaN;NaN;NaN;NaN;NaN;NaN;NaN;NaN;NaN;NaN;NaN;NaN;NaN;NaN;NaN;NaN;NaN;NaN
1967;358;NaN;NaN;NaN;NaN;NaN;NaN;NaN;NaN;NaN;NaN;NaN;NaN;NaN;NaN;NaN;NaN;NaN;NaN;NaN;NaN;NaN;NaN;NaN;NaN;NaN;NaN;NaN;NaN;NaN
1968;537;NaN;NaN;NaN;NaN;NaN;NaN;NaN;NaN;NaN;NaN;NaN;NaN;NaN;NaN;NaN;NaN;NaN;NaN;NaN;NaN;NaN;NaN;NaN;NaN;NaN;NaN;NaN;NaN;NaN
1969;869;NaN;NaN;NaN;NaN;NaN;NaN;NaN;NaN;NaN;NaN;NaN;NaN;NaN;NaN;NaN;NaN;NaN;1450;NaN;NaN;NaN;NaN;NaN;NaN;NaN;NaN;NaN;NaN;NaN
1970;599;NaN;NaN;1727;NaN;NaN;NaN;NaN;NaN;NaN;NaN;NaN;NaN;NaN;NaN;NaN;149900;NaN;1524;NaN;NaN;NaN;NaN;NaN;NaN;NaN;NaN;NaN;NaN;-6100
1971;662;NaN;NaN;1570;NaN;NaN;NaN;NaN;NaN;NaN;NaN;NaN;NaN;NaN;NaN;NaN;150000;NaN;1541;NaN;NaN;NaN;NaN;NaN;NaN;NaN;NaN;NaN;NaN;-16200
1972;373;NaN;NaN;1554;NaN;NaN;NaN;NaN;NaN;NaN;NaN;NaN;NaN;NaN;NaN;NaN;66300;NaN;1730;NaN;NaN;NaN;NaN;NaN;NaN;NaN;NaN;NaN;NaN;-3300
1973;1054;NaN;NaN;3086;NaN;NaN;NaN;NaN;NaN;NaN;NaN;NaN;NaN;NaN;NaN;NaN;116600;NaN;2748;NaN;NaN;NaN;NaN;NaN;NaN;NaN;NaN;NaN;NaN;9400
1974;-136;NaN;NaN;4845;NaN;NaN;NaN;NaN;NaN;NaN;NaN;NaN;NaN;NaN;NaN;NaN;118100;NaN;2145;NaN;NaN;NaN;NaN;NaN;NaN;NaN;NaN;NaN;NaN;-500
1975;-863;NaN;NaN;-2302;NaN;NaN;NaN;1548;NaN;NaN;NaN;NaN;NaN;NaN;NaN;NaN;177900;NaN;635;NaN;NaN;NaN;NaN;NaN;NaN;NaN;NaN;NaN;NaN;-62000
1976;-1481;517.65;NaN;-2130;NaN;NaN;NaN;2152;NaN;NaN;NaN;NaN;NaN;NaN;NaN;NaN;519600;NaN;1096;NaN;NaN;NaN;NaN;NaN;NaN;NaN;NaN;NaN;NaN;-42600
1977;-2878;1099.39;NaN;-4406;NaN;NaN;NaN;2014;NaN;NaN;NaN;NaN;NaN;NaN;NaN;NaN;626300;NaN;1572;NaN;NaN;NaN;NaN;NaN;NaN;NaN;NaN;NaN;NaN;-28400
1978;-3208;864.73;NaN;-6755;NaN;NaN;NaN;1520;569;NaN;NaN;NaN;NaN;NaN;NaN;NaN;1136700;NaN;-134;NaN;NaN;NaN;NaN;NaN;NaN;NaN;NaN;NaN;NaN;-4800
1979;-1494;749.79;NaN;-5687;NaN;NaN;NaN;1611;7050;NaN;NaN;NaN;NaN;NaN;NaN;NaN;1702300;NaN;-83;NaN;NaN;NaN;NaN;NaN;NaN;NaN;NaN;NaN;NaN;2700
1980;-2905;1305.45;NaN;-8492;NaN;NaN;NaN;2035;7314;NaN;NaN;NaN;NaN;NaN;NaN;-8242;1505300;NaN;-938;NaN;NaN;NaN;NaN;NaN;NaN;NaN;NaN;NaN;NaN;-41500
1981;-4130;1414.5;NaN;-4499;NaN;NaN;NaN;2745;-2463;NaN;NaN;NaN;NaN;NaN;NaN;-18693;1925500;NaN;-2714;NaN;NaN;NaN;NaN;NaN;NaN;NaN;NaN;NaN;NaN;-40500
1982;-7678;-293.99;NaN;-19043;NaN;NaN;NaN;2353;-4492;NaN;NaN;NaN;NaN;NaN;NaN;-21021;2447600;NaN;-5549;NaN;NaN;NaN;NaN;NaN;NaN;NaN;NaN;NaN;NaN;-133100
1983;-8652;-804.18;NaN;-25013;NaN;NaN;NaN;1831;-6649;NaN;NaN;NaN;NaN;NaN;NaN;-26773;3510600;NaN;-5745;NaN;NaN;NaN;NaN;NaN;NaN;NaN;NaN;NaN;NaN;-169800
1984;-8230;536.78;NaN;-26558;NaN;NaN;NaN;2746;-7894;NaN;NaN;NaN;NaN;NaN;NaN;-33156;3724000;NaN;-4915;NaN;NaN;NaN;NaN;NaN;NaN;NaN;NaN;NaN;NaN;-155300
1985;-8594;509.29;-10677.6;-31259;NaN;NaN;NaN;2982;-10945;NaN;NaN;NaN;NaN;NaN;NaN;-38876;3906100;NaN;-2581;NaN;NaN;NaN;NaN;NaN;NaN;NaN;NaN;NaN;NaN;-166200
1986;-4886;-664.4;-11443.7;-28161;NaN;NaN;NaN;3535;-13889;NaN;NaN;NaN;NaN;NaN;NaN;-40150;4451800;NaN;-4154;26;NaN;NaN;NaN;NaN;NaN;NaN;NaN;NaN;NaN;-183600
1987;-1586;-1907.47;-9363;-22721;NaN;NaN;NaN;2420;-6978;NaN;NaN;NaN;NaN;NaN;NaN;-41119;5836400;NaN;-5271;215;NaN;NaN;NaN;NaN;NaN;NaN;NaN;NaN;NaN;-151200
1988;1002;-714.66;-8903.2;-17859;NaN;NaN;NaN;5645;-7683;NaN;NaN;NaN;NaN;NaN;NaN;-43130;8490100;NaN;-4841;220;NaN;NaN;NaN;NaN;NaN;NaN;NaN;NaN;NaN;-136800
1989;-116;-593.69;-11207.9;-21446;NaN;NaN;NaN;6901;122;NaN;NaN;NaN;NaN;NaN;NaN;-51610;9605000;NaN;-7721;-551;NaN;NaN;NaN;NaN;NaN;NaN;NaN;NaN;NaN;-122400
1990;-7684;233.07;-10610.2;-30052;NaN;-15747;NaN;6227;-774;NaN;NaN;NaN;NaN;-718.43;NaN;-55393;12271700;784.19;-9676;-1936;NaN;NaN;NaN;NaN;NaN;NaN;NaN;6991.47;5049;-176400
1991;-19236;-119.36;-12056.8;-48379;NaN;-30382;NaN;639;-11101;-6830;NaN;NaN;NaN;-855.45;NaN;-65082;13364400;508;-3982;-2600;NaN;NaN;NaN;NaN;NaN;NaN;NaN;1960.19;-6511;-227400
1992;-22334;1227.28;-13528.3;-56747;NaN;-25120;NaN;-3463;-26879;-3940;NaN;NaN;NaN;-919.94;NaN;-77716;15041800;474.41;-8758;-2183;NaN;NaN;NaN;NaN;NaN;NaN;NaN;-2668.52;-28175;-305500
1993;-16115;-2230.57;-11814.5;-58023;NaN;-37197;NaN;-5434;-45875;-17840;NaN;NaN;NaN;-884.27;NaN;-69429;18074800;705.7;-5871;-40;NaN;NaN;NaN;NaN;NaN;NaN;-116062;-5319.97;-39524;-274100
1994;-16140;-3247.15;-8269.1;-46250;NaN;-33892;NaN;-4012;-39754;-13300;NaN;NaN;NaN;-181.15;NaN;-65906;22993600;828.81;-8295;2996;NaN;NaN;NaN;NaN;NaN;NaN;-109264;-3151.72;-34891;-201100
1995;-12457;-5961.93;-7738.7;-38246;12607;-31158;35;-3084;-39373;-32790;-7276;-426417;-266;-916.93;-4102.939012;-51170;30923300;847.7916;-10441;3356;NaN;-9686;-3040.238;56.239029;174.01565;-15819;-94542;-920.68;-30345;-183800
1996;-2837;-3027.74;-7031.1;-20678;-1595;-21349;25.4;-1736;-31328;-43860;-6620;-350105;7630;93.05;-8138.112243;-53185;36833100;833.81;-5366;3753;76607.21;-10095;-2403.245;-831.542057;161.504365;-13278;-39685;-1459.34;-24671;-112700
1997;2485;294.54;-2959.2;1332;-12188;-7850;185.8;-654;-30665;-37510;-4797;-436803;14454;1175.35;-8135.099525;-19737;41355100;962.2414;-3092;2400;101659.1;-11678;-1276.821;-723.584976;-11.662755;-7097;-7648;-5505.95;-13476;-6200
1998;9390;40.57;-238.3;348;-15820;-3426;141.1;2585;-17647;-26570;-2733;-447199.909091;17122.4;2158.25;-23145.35466;-15993;34846400;1189.5443;-1828;1285;56068.1;-9684;-1212.546;-791.475669;110.824189;-2075;18572;-48.41;4409;95400
1999;17859;-803.83;838.8;16145;-38088;12277;-41.4;3270;-4271;-11250;-1878;-537325;29495.76;4741.51;-21151.12767;-1757;39603100;1353.3388;3644;1111;93555.1;-3605;-785.157;-859.757917;100.662309;6976;38005;3078.11;14728;152300
2000;521;-597.62;2416.4;34765;-56577;25344;118.8;9653;-1883;-3960;-3016;-206692;31475.25;6709.26;-13158.35292;-4251;59745900;1987.776;8696;3131;247769.99;-16280;-1982.753;-1280.936766;-126.206509;9747;93299;12967.86;17702;238700
2001;4469;3715.13;1805.4;11911;-53570;13249;184.5;7747;-2904;-36480;-3100;-274298;21932.96;4275.97;-25769.01882;-11632;59245100;1818.3825;4723;3498;217918;-26387;-3696.645;-1749.718615;-215.01269;14296;52032;7623.81;15083;38400
2002;11177;1770.82;729.7;4629;-66227;-1575;319.3;6777;-31329;-55700;-4233;-677918;1775.49;2656.68;-34091.98609;-21195;69011200;1518.0898;-3677;6296;155668;-24787;-3589.046;-2051.566587;6.434212;18395;-14520;4211.74;-11027;-300300
2003;13428;-123.38;-2866.1;6259;-88460;-7075;389.3;4399;-48015;-64990;-6121;-1023067;-2074.49;3100.88;-37556.59212;-35890;70973800;1130.6214;-8918;7368;135685;-32732;-5014.264;-1367.52307;91.396877;16849;-12254;-1642.9;-23526;-416700
2004;18212;1340.44;-434.9;21648;-16303;20698;350.1;4393;-40651;-64150;-8769;-1085998;26290.76;4625.53;-28789.37921;-31113;65245200;750.6784;-5611;8427;212488;-33140;-6627.275;-1391.721437;183.787597;22598;29668;-2093.93;-25563;-390000
2005;28080;88.1;115.1;35674;-24713;71058;424.2;4753;-35867;-56320;-9204;-1384142;70728.04;5506.36;-24773.65705;-37525;68428000;1211.117;1650;10082;313459.01;-22012;-8159.334;-936.666003;265.169471;34542;80749;1473.58;-25798;-258000
2006;31521;314.99;1161.1;40867;-19356;78743;711.3;6823;-19517.97;-23040;-11889;-1702364;105896.65;8295.83;-11580.35074;-7231;72727300;1640.52;5248;11800;423035.01;-13817;-6552.075;-1615.346491;400.687112;50045;94178;8249.35;-15623;-158400
2007;25153;3418.57;792.5;39955;17600;78196;983.3;10138;-24418.02;19410;-13929;-886773;109585.23;5072.71;-3585.519935;5427;83636000;2403.4835;5153;10830;427636;6850;-4658.229;-1106.851225;1108.270979;54690;141800;11799.64;-17992;-238200
2008;-30311;3193.84;-2890.8;15008;-29167;62927;255.1;8569;-36511;17580;-19784;-883372;41273.87;-5226.23;-19213.39702;-16017;74162100;2157.6501;9525;4649;514657.6;-5413;-5881.312;-994.688973;734.220206;-10551;102474;21291.93;-37306;-701600
2009;-39306;-5108.86;-15934.9;-47920;-193556;-42940;-6.9;-3480;-114285;-53170;-32331;-1278479;-110686.47;-14986.31;-40652.97655;-61255;48446600;891.343;-20030;-1497;286068;-48321;-15297.177;-4087.975;-803.333439;-73746;5433;12182.65;-107726;-1363600
2010;-36288;-4804.09;-12739.8;-55737;-181869;-38879;4.1;-4488;-117101;-59950;-25162;-1528604;-73816.32;-14129.41;-31907.51929;-54018;60672400;1029.9668;-19533;-2351;310330.9;-64965;-15770.659;-4820.428;-946.040218;-67511;38518;10816.27;-112647;-1417500
2011;-25996;-953.87;-11960.8;NaN;-142782;-23621;218.4;-1223;-86227;-5370;-24014;-1585290;-67983.92;-13121.21;-31065.29934;-52610;66433900;1210.5641;-19879;NaN;398494;-34551;-12195.618;-3474.581;-1068.333711;-76175;42705;13338.76;-91390;-1343200
2012;NaN;829.25;-11815.4;NaN;-131848;-34646;373.1;-3555;-79256;14680;-15534;-1009617.511395;-40578.83;-11496.94;NaN;-35562;NaN;1071.1121;-18283;NaN;431690.1;-31760;-11632.765;-3436.976;-887.235145;-69967;11182;NaN;-101248;NaN
