Time,Australia,Austria,Belgium,Canada,Chile,Czech Republic,Denmark,Estonia,Finland,France,Germany,Greece,Hungary,Iceland,Ireland,Israel,Italy,Japan,Korea,Luxembourg,Mexico,Netherlands,New Zealand,Norway,Poland,Portugal,Slovak Republic,Slovenia,Spain,Sweden,Switzerland,Turkey,United Kingdom,United States,Euro area (17 countries),European Union (27 countries),Russian Federation,South Africa
1965,5930,NaN,NaN,NaN,NaN,NaN,NaN,NaN,NaN,NaN,NaN,NaN,NaN,NaN,NaN,NaN,NaN,NaN,NaN,NaN,NaN,NaN,NaN,NaN,NaN,NaN,NaN,NaN,NaN,NaN,NaN,NaN,NaN,NaN,NaN,NaN,NaN,NaN
1966,6472,NaN,NaN,NaN,NaN,NaN,NaN,NaN,NaN,NaN,NaN,NaN,NaN,NaN,NaN,NaN,NaN,NaN,NaN,NaN,NaN,NaN,NaN,NaN,NaN,NaN,NaN,NaN,NaN,NaN,NaN,NaN,NaN,NaN,NaN,NaN,NaN,NaN
1967,7209,NaN,NaN,NaN,NaN,NaN,NaN,NaN,NaN,NaN,NaN,NaN,NaN,NaN,NaN,NaN,NaN,NaN,NaN,NaN,NaN,NaN,NaN,NaN,NaN,NaN,NaN,NaN,NaN,NaN,NaN,NaN,NaN,NaN,NaN,NaN,NaN,NaN
1968,8037,NaN,NaN,NaN,NaN,NaN,NaN,NaN,NaN,NaN,NaN,NaN,NaN,NaN,NaN,NaN,NaN,NaN,NaN,NaN,NaN,NaN,NaN,NaN,NaN,NaN,NaN,NaN,NaN,NaN,NaN,NaN,NaN,NaN,NaN,NaN,NaN,NaN
1969,9302,NaN,NaN,NaN,NaN,NaN,NaN,NaN,NaN,NaN,NaN,NaN,NaN,NaN,NaN,NaN,NaN,NaN,NaN,NaN,NaN,21205,NaN,NaN,NaN,NaN,NaN,NaN,NaN,NaN,NaN,NaN,NaN,NaN,NaN,NaN,NaN,NaN
1970,10112,NaN,NaN,32166,NaN,NaN,NaN,NaN,NaN,NaN,NaN,NaN,NaN,NaN,NaN,NaN,NaN,NaN,NaN,NaN,NaN,24202,NaN,NaN,NaN,NaN,NaN,NaN,NaN,NaN,NaN,NaN,NaN,314100,NaN,NaN,NaN,NaN
1971,11481,NaN,NaN,35710,NaN,NaN,NaN,NaN,NaN,NaN,NaN,NaN,NaN,NaN,NaN,NaN,NaN,NaN,NaN,NaN,NaN,28325,NaN,NaN,NaN,NaN,NaN,NaN,NaN,NaN,NaN,NaN,NaN,334700,NaN,NaN,NaN,NaN
1972,12962,NaN,NaN,40180,NaN,NaN,NaN,NaN,NaN,NaN,NaN,NaN,NaN,NaN,NaN,NaN,NaN,NaN,NaN,NaN,NaN,32603,NaN,NaN,NaN,NaN,NaN,NaN,NaN,NaN,NaN,NaN,NaN,382100,NaN,NaN,NaN,NaN
1973,16128,NaN,NaN,47195,NaN,NaN,NaN,NaN,NaN,NaN,NaN,NaN,NaN,NaN,NaN,NaN,NaN,NaN,NaN,NaN,NaN,38311,NaN,NaN,NaN,NaN,NaN,NaN,NaN,NaN,NaN,NaN,NaN,429500,NaN,NaN,NaN,NaN
1974,20237,NaN,NaN,59589,NaN,NaN,NaN,NaN,NaN,NaN,NaN,NaN,NaN,NaN,NaN,NaN,NaN,NaN,NaN,NaN,NaN,44551,NaN,NaN,NaN,NaN,NaN,NaN,NaN,NaN,NaN,NaN,NaN,474900,NaN,NaN,NaN,NaN
1975,24605,NaN,NaN,65234,NaN,NaN,NaN,NaN,7839,NaN,NaN,NaN,NaN,NaN,NaN,NaN,NaN,NaN,1842500,NaN,NaN,51287,NaN,NaN,NaN,NaN,NaN,NaN,NaN,NaN,NaN,NaN,NaN,490700,NaN,NaN,NaN,NaN
1976,28669,24305.54,NaN,74832,NaN,NaN,NaN,NaN,9713,NaN,NaN,NaN,NaN,NaN,NaN,NaN,NaN,NaN,2754600,NaN,NaN,59552,NaN,NaN,NaN,NaN,NaN,NaN,NaN,NaN,NaN,NaN,NaN,557800,NaN,NaN,NaN,NaN
1977,31150,27489.58,NaN,82497,NaN,NaN,NaN,NaN,10758,NaN,NaN,NaN,NaN,NaN,NaN,NaN,NaN,NaN,3488100,NaN,NaN,65954,NaN,NaN,NaN,NaN,NaN,NaN,NaN,NaN,NaN,NaN,NaN,626900,NaN,NaN,NaN,NaN
1978,34414,30659.41,NaN,90220,NaN,NaN,NaN,NaN,11213,147878.16,NaN,NaN,NaN,NaN,NaN,NaN,NaN,NaN,4772100,NaN,NaN,71666,NaN,NaN,NaN,NaN,NaN,NaN,NaN,NaN,NaN,NaN,NaN,709400,NaN,NaN,NaN,NaN
1979,40606,33119.49,NaN,102398,NaN,NaN,NaN,NaN,12606,174877.06,NaN,NaN,NaN,NaN,NaN,NaN,NaN,NaN,6413900,NaN,NaN,77690,NaN,NaN,NaN,NaN,NaN,NaN,NaN,NaN,NaN,NaN,NaN,801400,NaN,NaN,NaN,NaN
1980,46219,36307.48,NaN,117856,NaN,NaN,NaN,NaN,14621,203203.36,NaN,NaN,NaN,NaN,NaN,NaN,68784,NaN,8157100,NaN,NaN,83583,NaN,NaN,NaN,NaN,NaN,NaN,NaN,NaN,NaN,NaN,NaN,882600,NaN,NaN,NaN,NaN
1981,52977,39866.28,NaN,142881,NaN,NaN,NaN,NaN,17441,231378.08,NaN,NaN,NaN,NaN,NaN,NaN,82177,NaN,10341500,NaN,NaN,88815,NaN,NaN,NaN,NaN,NaN,NaN,NaN,NaN,NaN,NaN,NaN,1011100,NaN,NaN,NaN,NaN
1982,59548,41975.76,NaN,152819,NaN,NaN,NaN,NaN,19433,270354.07,NaN,NaN,NaN,NaN,NaN,NaN,105522,NaN,12268600,NaN,NaN,94113,NaN,NaN,NaN,NaN,NaN,NaN,NaN,NaN,NaN,NaN,NaN,1042300,NaN,NaN,NaN,NaN
1983,67091,44315.76,NaN,163391,NaN,NaN,NaN,NaN,21719,304771.85,NaN,NaN,NaN,NaN,NaN,NaN,129981,NaN,14634800,NaN,NaN,99084,NaN,NaN,NaN,NaN,NaN,NaN,NaN,NaN,NaN,NaN,NaN,1108900,NaN,NaN,NaN,NaN
1984,77549,48188.64,NaN,178746,NaN,NaN,NaN,NaN,25208,336545.95,NaN,NaN,NaN,NaN,NaN,NaN,144134,NaN,15869900,NaN,NaN,102217,NaN,NaN,NaN,NaN,NaN,NaN,NaN,NaN,NaN,NaN,NaN,1229100,NaN,NaN,NaN,NaN
1985,87146,51667.05,60608.4,192898,NaN,NaN,NaN,NaN,28614,363347.68,NaN,NaN,NaN,NaN,NaN,NaN,160919,NaN,17450100,NaN,NaN,107773,NaN,NaN,NaN,NaN,NaN,NaN,NaN,NaN,NaN,NaN,NaN,1338700,NaN,NaN,NaN,NaN
1986,99683,54132.46,62533.9,207269,NaN,NaN,NaN,NaN,31498,384285.1,NaN,NaN,NaN,NaN,NaN,NaN,182870,NaN,19811500,NaN,NaN,108363,28137,NaN,NaN,NaN,NaN,NaN,NaN,NaN,NaN,NaN,NaN,1423700,NaN,NaN,NaN,NaN
1987,111600,55794.22,65395.8,227143,NaN,NaN,NaN,NaN,33057,408629.8,NaN,NaN,NaN,NaN,NaN,NaN,198802,NaN,23181200,NaN,NaN,110815,31741,NaN,NaN,NaN,NaN,NaN,NaN,NaN,NaN,NaN,NaN,1548300,NaN,NaN,NaN,NaN
1988,124548,58812.6,68069.3,251511,NaN,NaN,NaN,NaN,39107,430551.57,NaN,NaN,NaN,NaN,NaN,NaN,227148,NaN,28992200,NaN,NaN,113466,32911,NaN,NaN,NaN,NaN,NaN,NaN,NaN,NaN,NaN,NaN,1658700,NaN,NaN,NaN,NaN
1989,134236,61489.98,70891.2,271259,NaN,NaN,NaN,NaN,43445,460562.7,NaN,NaN,NaN,NaN,NaN,NaN,254651,NaN,34077400,NaN,NaN,113877,34719,NaN,NaN,NaN,NaN,NaN,NaN,NaN,NaN,NaN,NaN,1799300,NaN,NaN,NaN,NaN
1990,136892,66627.29,76485.5,292200,NaN,NaN,454834,NaN,47857,486522.24,NaN,NaN,NaN,NaN,14721.23,NaN,290478,NaN,42654300,4412.04,NaN,120833,36026,NaN,NaN,NaN,NaN,NaN,NaN,NaN,102220.845142,NaN,224141,1907900,NaN,NaN,NaN,NaN
1991,136463,72407.27,81103.8,300942,NaN,NaN,464255,NaN,47880,511039.58,665930,NaN,NaN,NaN,15839.22,NaN,325887,NaN,50705900,4536.18,NaN,134528,34126,NaN,NaN,NaN,NaN,NaN,NaN,NaN,107516.655172,NaN,237151,2010600,NaN,NaN,NaN,NaN
1992,141038,79112.04,84346.1,309714,NaN,NaN,493965,NaN,47297,525144.96,736960,NaN,NaN,NaN,16979.71,NaN,361929,NaN,59482700,4884.46,NaN,138241,34625,NaN,NaN,NaN,NaN,NaN,NaN,NaN,112758.98755,NaN,239439,2071000,NaN,NaN,NaN,NaN
1993,156205,82631.28,90267.6,316421,NaN,NaN,513741,NaN,47529,544352.61,766070,NaN,NaN,NaN,18350.27,NaN,383662,NaN,68686100,5582.02,NaN,146071,36397,NaN,NaN,NaN,NaN,NaN,NaN,933586,117233.552392,NaN,242514,2194400,NaN,NaN,NaN,NaN
1994,166130,85320.16,95176.9,331727,NaN,NaN,555029,NaN,50330,562730.08,811370,NaN,NaN,NaN,19776.94,NaN,389693,NaN,80256200,6028.87,NaN,145032,39731,NaN,NaN,NaN,NaN,NaN,NaN,994989,122766.027807,NaN,260381,2359400,NaN,NaN,NaN,NaN
1995,177864,88147.66,98925.5,349705,NaN,616637,574657,1172,53220,585259,838690,32849,2695776,180488,20877.71,139611.3194,426368,NaN,97839800,6361.5393,NaN,144168,41360,510957.3,146018,32085.176,8734.443537,4557.667352,166519,1042671,126556.737588,NaN,278519,2496100,2538527.4,3161028.8,NaN,NaN
1996,192440,93389.15,102477.5,366438,NaN,678883,608329,1422.3,56209,619093,857020,36836,3289220,198066,23047.29,158743.705,456186,NaN,112361600,6685.2402,NaN,152020,42760,566029.21,194917,35005.445,9436.052214,5141.570082,178639,1104799,129420.971856,NaN,297147,2676600,2679743.6,3366037,NaN,NaN
1997,204366,94977.86,108316.8,392484,NaN,734262,631224,1772.7,59356,643449,869690,42434,3852492,214051,26039.61,178852.6805,497985,NaN,125649600,7276.3146,NaN,158443,43523,609564.1,215464,38300.855,10171.33974,5736.615533,189557,1140916,129072.720043,NaN,318217,2868900,2755448.2,3546029.9,NaN,NaN
1998,222144,98309.29,113585.5,410665,NaN,786113,654359,1938,63677,662267,894950,47956,4485272.090909,240600.31,29035.95,197015.5594,504681,NaN,127605300,7736.5298,NaN,166012,42155,597584,240772,41463.005,10586.917613,6484.229428,205245,1208166,137016.84878,NaN,346040,3059700,2842163.3,3701268.7,NaN,NaN
1999,242160,101622.4,118165,435202,NaN,830319,688959,1965.7,65374,694308,932370,52193,5034358,273161.65,33351.76,216534.0527,520088,NaN,140251500,8469.2485,NaN,179333,43663,665895.9,268982,45534.27,11433.493726,7300.563469,224276,1259494,140207.227818,NaN,369631,3249400,3000512.5,3926486,NaN,NaN
2000,244738,104442.58,123746.2,474265,NaN,862981,722495,2211,73182,722179,946640,58605,5847586,297837.37,38034.01,241030.9093,538665,NaN,168105800,9583.4201,NaN,192856,46467,854290.09,283256,48764.907,12430.98732,7947.80017,240869,1329349,152339.295624,NaN,393962,3506300,3123435.3,4168433.5,NaN,NaN
2001,261283,109463.12,128517.7,472516,NaN,938082,739535,2421.7,73928,747901,936130,59930,6600711,323503.73,40129.87,244056.4079,559097,NaN,184112700,9985.0558,NaN,201922,48745,882589,300379,51562.268,12859.22459,9003.042518,259327,1317627,152799.313614,NaN,415299,3524000,3204558.7,4277926.8,NaN,NaN
2002,281685,109744.69,133295.1,474242,NaN,1003019,752756,2802.4,76359,765106,940320,63041,7279298,340491.2,43412.07,253474.23,572214,NaN,206797400,10467.2684,NaN,205155,53252,862169.03,317541,55701.74,13560.744872,10148.845903,282019,1322450,154890.548605,NaN,419812,3387500,3285581.9,4374531.9,4502382.325,NaN
2003,304000,111746.28,140452.1,498591,NaN,1164216,770089,3181.4,76834,783001,951580,67290,7946786,360027.08,47309.06,247228.8308,596196,NaN,225289900,10913.5298,1449257,209580,57473,884136.99,324486,58732.124,15171.37373,10976.980842,297884,1384673,154730.808444,NaN,441136,3477600,3383092.2,4450115.2,5038607.514,NaN
2004,327184,115454.92,142526.6,525729,NaN,1184834,827562,3451,79924,821884,951040,70583,8803655,409478.11,52526.22,252979.0521,614439,NaN,238151300,11382.5815,1609946,217724,62009,985632.99,344292,61789.354,15948.814977,11809.256692,326097,1452745,157111.726067,NaN,474775,3733700,3499309.6,4655187.6,6720843.58,NaN
2005,353965,118165.07,149445.1,561187,NaN,1239031,893281,3937.8,83497,869391,969330,75219,9285908,483564.21,57900.34,265818.8939,623725,159328600,259317600,12574.4664,1794167,228516,68104,1113378.03,387098,61820.026,17342.727503,12581.860119,361005,1545285,163557.662208,NaN,509941,4160500,3648187,4901784.4,8681721.819,NaN
2006,382743,122954.76,155545.3,595896,NaN,1327765,923966,4829.3,88309,909840,1011050,81844,10118003,560453.19,66300,291869.3817,672447,175702800,287618300,13544.125,2060380,248820,74679,1272212.99,426507,65292.747,18342.11466,13416.074,401304,1617373,171649.739562,255853.868407,550269,4523100,3878515.7,5235087.3,10961776.69,NaN
2007,403910,130456.29,161676.3,623498,NaN,1476428,942647,5843.8,94820,940719.95,1062300,90914,11388350,623785.46,69678.17,306729.2534,715564,172844700,324806900,14976.8563,2254774,259772,78903,1329500.99,474292,69673.623,19907.266507,14664.884051,433209,1704733,178991.504463,279768.9795,577424,4759500,4091355,5543388.1,13578792.97,NaN
2008,402591,136655.95,168825.6,635511,NaN,1498574,960814,5961.5,99438,965400,1088620,94847,12090085,653558.7,63853.12,303624.6527,723432,175892100,342958100,15815.3807,2836132,277684,78180,1499048.6,504418,70697.024,21942.308996,15808.599921,402078,1727377,193330.239011,323070.014,614172,4645500,4159952.8,5571678.6,17206090.01,NaN
2009,408440,133941.88,163846.5,603634,NaN,1462139,921026,5985.6,92028,927955,1071740,88602,12017772,614290.12,56020.11,299331.2069,705924,155728700,340170200,15784.4064,2655188,262788,74729,1351929,500242,66728.147,21056.964,15328.360723,367661,1675964,193518.443733,348682.9572,559222,4307500,4004462,5194075.6,14576695,NaN
2010,436758,137764.93,173283.8,625836,NaN,1481054,968069,5855.7,94696,958276,1087380,90232,12078813,637288.65,55119.92,327848.9218,714696,156265000,368042100,16742.6512,2839886,271669,81615,1431691.9,532162,71991.173,21281.839,15848.285245,383998,1746321,195466.026849,410129.7376,590514,4527300,4108378.5,5415344.8,17236052,NaN
2011,474262,144485.35,183040.9,NaN,NaN,1528418,997576,6296.1,102121,1012653,1154890,88383,14995707,680720.3,55414.65,350504.245,728836,155715600,397362900,17708.2851,3252675,273318,NaN,1576049,587026,76933.978,22992.893,16064.509502,379671,1792963,201244.648948,474603.0371,618523,4734100,4272524.5,5650620.5,NaN,NaN
2012,NaN,150890.81,191321.6,NaN,NaN,1541816,1008275,6839.4,104448,1052356,1194080,86662,13159686.957325,735404.01,56592.69,NaN,746837,NaN,NaN,18723.0648,NaN,278429,NaN,1662705,612265,67794.245,23650.707,15959.259773,382044,1824915,NaN,NaN,649925,NaN,4386481,5862844,NaN,NaN
