Time;Australia;Austria;Belgium;Canada;Czech Republic;Denmark;Estonia;Finland;France;Germany;Greece;Hungary;Iceland;Ireland;Israel;Italy;Korea;Luxembourg;Netherlands;New Zealand;Norway;Poland;Portugal;Slovak Republic;Slovenia;Spain;Sweden;Switzerland;United Kingdom;United States
1965;6285;NaN;NaN;NaN;NaN;NaN;NaN;NaN;NaN;NaN;NaN;NaN;NaN;NaN;NaN;NaN;NaN;NaN;NaN;NaN;NaN;NaN;NaN;NaN;NaN;NaN;NaN;NaN;NaN;NaN
1966;6951;NaN;NaN;NaN;NaN;NaN;NaN;NaN;NaN;NaN;NaN;NaN;NaN;NaN;NaN;NaN;NaN;NaN;NaN;NaN;NaN;NaN;NaN;NaN;NaN;NaN;NaN;NaN;NaN;NaN
1967;7689;NaN;NaN;NaN;NaN;NaN;NaN;NaN;NaN;NaN;NaN;NaN;NaN;NaN;NaN;NaN;NaN;NaN;NaN;NaN;NaN;NaN;NaN;NaN;NaN;NaN;NaN;NaN;NaN;NaN
1968;8266;NaN;NaN;NaN;NaN;NaN;NaN;NaN;NaN;NaN;NaN;NaN;NaN;NaN;NaN;NaN;NaN;NaN;NaN;NaN;NaN;NaN;NaN;NaN;NaN;NaN;NaN;NaN;NaN;NaN
1969;9105;NaN;NaN;NaN;NaN;NaN;NaN;NaN;NaN;NaN;NaN;NaN;NaN;NaN;NaN;NaN;NaN;NaN;21793;NaN;NaN;NaN;NaN;NaN;NaN;NaN;NaN;NaN;NaN;NaN
1970;10206;NaN;NaN;32491;NaN;NaN;NaN;NaN;NaN;NaN;NaN;NaN;NaN;NaN;NaN;NaN;517200;NaN;25087;NaN;NaN;NaN;NaN;NaN;NaN;NaN;NaN;NaN;NaN;333400
1971;11585;NaN;NaN;36710;NaN;NaN;NaN;NaN;NaN;NaN;NaN;NaN;NaN;NaN;NaN;NaN;616900;NaN;29367;NaN;NaN;NaN;NaN;NaN;NaN;NaN;NaN;NaN;NaN;363900
1972;13444;NaN;NaN;41250;NaN;NaN;NaN;NaN;NaN;NaN;NaN;NaN;NaN;NaN;NaN;NaN;751300;NaN;33116;NaN;NaN;NaN;NaN;NaN;NaN;NaN;NaN;NaN;NaN;397300
1973;16031;NaN;NaN;46423;NaN;NaN;NaN;NaN;NaN;NaN;NaN;NaN;NaN;NaN;NaN;NaN;862900;NaN;37849;NaN;NaN;NaN;NaN;NaN;NaN;NaN;NaN;NaN;NaN;430600
1974;21990;NaN;NaN;57898;NaN;NaN;NaN;NaN;NaN;NaN;NaN;NaN;NaN;NaN;NaN;NaN;1367100;NaN;44806;NaN;NaN;NaN;NaN;NaN;NaN;NaN;NaN;NaN;NaN;486800
1975;27496;NaN;NaN;71377;NaN;NaN;NaN;6935;NaN;NaN;NaN;NaN;NaN;NaN;NaN;NaN;1955000;NaN;54304;NaN;NaN;NaN;NaN;NaN;NaN;NaN;NaN;NaN;NaN;571900
1976;31977;26389.36;NaN;80399;NaN;NaN;NaN;8132;NaN;NaN;NaN;NaN;NaN;NaN;NaN;NaN;2598600;NaN;62016;NaN;NaN;NaN;NaN;NaN;NaN;NaN;NaN;NaN;NaN;615700
1977;35750;28961.77;NaN;91551;NaN;NaN;NaN;9334;NaN;NaN;NaN;NaN;NaN;NaN;NaN;NaN;3410700;NaN;66943;NaN;NaN;NaN;NaN;NaN;NaN;NaN;NaN;NaN;NaN;667600
1978;39379;32614.47;NaN;101906;NaN;NaN;NaN;10247;153823.16;NaN;NaN;NaN;NaN;NaN;NaN;NaN;4525400;NaN;74646;NaN;NaN;NaN;NaN;NaN;NaN;NaN;NaN;NaN;NaN;733500
1979;43727;35095.89;NaN;111940;NaN;NaN;NaN;11607;176283.06;NaN;NaN;NaN;NaN;NaN;NaN;NaN;6096400;NaN;81424;NaN;NaN;NaN;NaN;NaN;NaN;NaN;NaN;NaN;NaN;819400
1980;50593;37905.73;NaN;130643;NaN;NaN;NaN;13362;204391.36;NaN;NaN;NaN;NaN;NaN;NaN;82952;8257800;NaN;90023;NaN;NaN;NaN;NaN;NaN;NaN;NaN;NaN;NaN;NaN;946700
1981;58683;41579.08;NaN;153076;NaN;NaN;NaN;15490;243350.08;NaN;NaN;NaN;NaN;NaN;NaN;108665;10296600;NaN;97235;NaN;NaN;NaN;NaN;NaN;NaN;NaN;NaN;NaN;NaN;1072000
1982;69374;45172.98;NaN;179512;NaN;NaN;NaN;18121;287097.07;NaN;NaN;NaN;NaN;NaN;NaN;134306;11942600;NaN;105088;NaN;NaN;NaN;NaN;NaN;NaN;NaN;NaN;NaN;NaN;1191300
1983;79183;48524.45;NaN;197004;NaN;NaN;NaN;20995;321239.85;NaN;NaN;NaN;NaN;NaN;NaN;163836;13779900;NaN;109193;NaN;NaN;NaN;NaN;NaN;NaN;NaN;NaN;NaN;NaN;1299500
1984;90446;51070.95;NaN;213703;NaN;NaN;NaN;23482;356008.95;NaN;NaN;NaN;NaN;NaN;NaN;188091;15055500;NaN;112358;NaN;NaN;NaN;NaN;NaN;NaN;NaN;NaN;NaN;NaN;1409000
1985;100770;54847.85;73233.9;234609;NaN;NaN;NaN;26663;386258.68;NaN;NaN;NaN;NaN;NaN;NaN;214129;16865500;NaN;114995;NaN;NaN;NaN;NaN;NaN;NaN;NaN;NaN;NaN;NaN;1541900
1986;109682;58627.94;75605.4;243874;NaN;NaN;NaN;29113;410732.1;NaN;NaN;NaN;NaN;NaN;NaN;239671;18716300;NaN;117930;31554;NaN;NaN;NaN;NaN;NaN;NaN;NaN;NaN;NaN;1648900
1987;116985;61145.18;76175;257450;NaN;NaN;NaN;31960;426513.8;NaN;NaN;NaN;NaN;NaN;NaN;258635;20713000;NaN;122054;33014;NaN;NaN;NaN;NaN;NaN;NaN;NaN;NaN;NaN;1741400
1988;127398;62976.63;78712;278083;NaN;NaN;NaN;35149;455088.57;NaN;NaN;NaN;NaN;NaN;NaN;290933;24902500;NaN;122676;35987;NaN;NaN;NaN;NaN;NaN;NaN;NaN;NaN;NaN;1832600
1989;139442;65479.84;82904.2;301494;NaN;NaN;NaN;37689;479199.7;NaN;NaN;NaN;NaN;NaN;NaN;327113;29792800;NaN;125397;37179;NaN;NaN;NaN;NaN;NaN;NaN;NaN;NaN;NaN;1968500
1990;150020;70174.85;87891.7;331833;NaN;465811;NaN;43047;512088.24;NaN;NaN;NaN;NaN;15716.74;NaN;370739;37380100;3962.01;133795;39427;NaN;NaN;NaN;NaN;NaN;NaN;NaN;100646.821653;234411;2143200
1991;161335;76810.98;94205.3;358199;NaN;490291;NaN;48691;542997.58;709760;NaN;NaN;NaN;16916.01;NaN;413102;47437700;4458.49;141402;36722;NaN;NaN;NaN;NaN;NaN;NaN;NaN;111939.835046;255893;2298400
1992;169283;82300.83;99432.3;373642;NaN;517892;NaN;51826;576158.96;777660;NaN;NaN;NaN;18143.87;NaN;445499;56751300;4906.76;149390;36951;NaN;NaN;NaN;NaN;NaN;NaN;NaN;122089.880411;279939;2431600
1993;177259;89773.87;104506.9;379775;NaN;549039;NaN;54431;616691.61;817000;NaN;NaN;NaN;19510.05;NaN;466890;63464200;5385.55;153784;36749;NaN;NaN;NaN;NaN;NaN;NaN;1109289;128912.201132;294645;2520600
1994;187369;93645.04;105510.6;383411;NaN;588034;NaN;56232;626022.08;852260;NaN;NaN;NaN;20649.58;NaN;469415;72069500;5669.91;155250;37378;NaN;NaN;NaN;NaN;NaN;NaN;1147183;132066.438586;307766;2613100
1995;194934;98428.37;108335.5;392886;813015;604404;1141.9;59103;650610;1014050;40967;3197916;193884;22052.82;152248.4434;497257;83399300;5995.8601;172305;39024;480576;160905;36787.036;9392.274481;5418.031646;198730;1175297;133154.884802;321889;2732600
1996;200476;100862.96;110966.8;389859;734087;630027;1435;59563;668505;919840;43372;3600357;205795;23202.47;177091.1279;526526;97782300;6496.5637;158064;40308;501041;215469;39524.513;11569.941081;5274.656739;204744;1166424;135883.731202;330459;2848400
1997;205117;98559.86;113318.1;390844;802486;638030;1675.7;60733;685331;922340;48852;4340782;214158;25127.51;195772.7413;526744;110464500;6675.517;162715;42563;524129;239331;42037.905;11677.274613;6056.11232;209775;1172576;139440.15747;336269;2935400
1998;217692;103073.66;115822.5;409900;885611;655481;1972.6;61738;697007;940700;52481;5264119.7;242978.9;27412.95;228434.4371;536998;120958200;7150.0929;169176;42192;559716;266464;45742.618617;11982.974308;6841.662175;221539;1190319;143312.976263;346991;3026000
1999;228322;106445.18;119719.8;419347;907393;673418;2151.2;63268;719041;964540;56100;5632204;265916.4;31119.7;245318.3505;542627;127339900;7793.6355;177733;43903;591568;284368;49214.88;13520.41426;7812.896649;231439;1242683;142749.079857;361103;3177700
2000;252035;108287.04;123943.2;442560;945255;694478;2225.1;63903;744115;923360;63694;6251647;286259.57;33010;261087.0848;549577;135324800;8270.1344;184612;44423;626572;305797;52983.132;16255.391489;8635.751873;246890;1248029;153897.785032;358902;3353500
2001;265730;109874.32;127601.1;465224;1074920;723763;2426.1;66790;772645;1000780;66432;7225031;328801.2;39010.49;277155.9647;599118;155826700;8606.5125;203063;46878;677918;341474;58031.6944;15064.562172;9824.112062;263036;1280463;154351.252808;410340;3579400
2002;276970;111750.8;133703.9;475330;1170746;749210;2781.4;70367;815804;1022330;70614;8818946;361312.86;43805.87;295795.6492;613403;169936500;9963.5789;214960;48484;721040;357858;60526.661;16584.943238;10716.598168;283741;1358565;165012.21912;441985;3801000
2003;298319;115470.22;140953.5;499615;1343996;771315;3035.6;73199;847955;1040720;77143;9305356;383782.35;46715.38;291238.0172;645124;221709500;10793.6996;224621;52248;766787.99;376698;64105.029;16298.705603;11649.132057;300783;1416768;163738.878411;479722;4022100
2004;319641;126173.07;143228.2;514583;1267720;799833;3291.4;76475;881765;1033600;84333;10137591;409198.31;50430.94;288010.7817;664298;215686900;11683.6135;226403;55819;790979.99;394070;67822.519;17014.140609;12421.59861;327161;1441640;167041.34268;516553;4254200
2005;337755;122585.31;157398.9;539939;1340123;815718;3757.1;79262;920348;1043450;86097;11032047;433346.44;55176.83;296288.534;688251;230062800;12573.1616;229965;60666;818812.02;427147;71830.262;18730.166924;13011.370766;349501;1491382;168683.918752;553033;4563400
2006;366865;127293.28;154553.6;572116;1406993;841696;4499.7;81548;952566.17;1049290;94407;12355625;486616.04;61087.57;309086.7357;723375;251982700;13084.8947;246028;65834;873143.98;464977;72735.731;20087.548335;13838.746129;377958;1552128;168872.751504;586837;4796000
2007;398053;133180.42;161999.8;601947;1503113;861289;5460.2;85219;992618.8;1056760;105998;12668108;553093.86;69539.45;317672.8063;740269;279372900;13596.5402;258843;70862;930371.99;496428;75112.677;21022.083364;14680.7633;412963;1592807;173441.052388;617116;5144500
2008;457605;139493.92;172483.7;641828;1583527;903263;6440.1;91372;1030025;1090460;117993;13070489;853725.33;77008.67;332255.9917;765537;312548300;14623.7873;274781;77375;1018108;551403;77055.339;23339.540581;16511.068085;450948;1657889;182194.161098;686738;5558800
2009;486938;145332.93;183059.9;678358;1679551;967096;6258.5;96708;1070585;1144740;124671;13184146;763326.87;78383.96;350569.1149;788361;352323300;16073.9271;294782;79941;1101033;599837;83874.439;26096.877;17545.537395;484759;1706362;189264.071311;719127;5954900
2010;506831;150592.94;187161.7;716080;1661774;1015471;5827.5;99707;1095602;1190970;114289;13243019;791879.71;103403.89;367301.396;782016;353006600;17105.8755;301213;96125;1149166;643465;89018.75;26328.284;17959.817836;485467;1746603;193958.854519;739778;6153800
2011;534996;151824.87;197391.7;755899.637654454;1652970;1032515;6109;104259;1118509;1174540;108346;13825286;771799.52;76548.43;389040.268;786994;373227400;17806.277;299928;115585.439574186;1207770;663171;84457.993;26490.584;18362.349807;480111;1791829;198351.35465;736941;6251400
2012;NaN;158575.56;206490.2;NaN;1709756;1083682;6885;108869;1151157;1189880;106084;13717894.413983;793938.45;68832.37;NaN;792504;NaN;19082.0922;302455;NaN;1258790;674981;78418.556;26757.571;17376.992412;493660;1849960;NaN;747731;NaN
