Time;Australia;Austria;Belgium;Canada;Czech Republic;Denmark;Estonia;Finland;France;Germany;Greece;Hungary;Iceland;Ireland;Israel;Italy;Korea;Luxembourg;Netherlands;New Zealand;Norway;Poland;Portugal;Slovak Republic;Slovenia;Spain;Sweden;Switzerland;United Kingdom;United States
1965;5930;NaN;NaN;NaN;NaN;NaN;NaN;NaN;NaN;NaN;NaN;NaN;NaN;NaN;NaN;NaN;NaN;NaN;NaN;NaN;NaN;NaN;NaN;NaN;NaN;NaN;NaN;NaN;NaN;NaN
1966;6472;NaN;NaN;NaN;NaN;NaN;NaN;NaN;NaN;NaN;NaN;NaN;NaN;NaN;NaN;NaN;NaN;NaN;NaN;NaN;NaN;NaN;NaN;NaN;NaN;NaN;NaN;NaN;NaN;NaN
1967;7209;NaN;NaN;NaN;NaN;NaN;NaN;NaN;NaN;NaN;NaN;NaN;NaN;NaN;NaN;NaN;NaN;NaN;NaN;NaN;NaN;NaN;NaN;NaN;NaN;NaN;NaN;NaN;NaN;NaN
1968;8037;NaN;NaN;NaN;NaN;NaN;NaN;NaN;NaN;NaN;NaN;NaN;NaN;NaN;NaN;NaN;NaN;NaN;NaN;NaN;NaN;NaN;NaN;NaN;NaN;NaN;NaN;NaN;NaN;NaN
1969;9302;NaN;NaN;NaN;NaN;NaN;NaN;NaN;NaN;NaN;NaN;NaN;NaN;NaN;NaN;NaN;NaN;NaN;21205;NaN;NaN;NaN;NaN;NaN;NaN;NaN;NaN;NaN;NaN;NaN
1970;10112;NaN;NaN;32166;NaN;NaN;NaN;NaN;NaN;NaN;NaN;NaN;NaN;NaN;NaN;NaN;NaN;NaN;24202;NaN;NaN;NaN;NaN;NaN;NaN;NaN;NaN;NaN;NaN;314100
1971;11481;NaN;NaN;35710;NaN;NaN;NaN;NaN;NaN;NaN;NaN;NaN;NaN;NaN;NaN;NaN;NaN;NaN;28325;NaN;NaN;NaN;NaN;NaN;NaN;NaN;NaN;NaN;NaN;334700
1972;12962;NaN;NaN;40180;NaN;NaN;NaN;NaN;NaN;NaN;NaN;NaN;NaN;NaN;NaN;NaN;NaN;NaN;32603;NaN;NaN;NaN;NaN;NaN;NaN;NaN;NaN;NaN;NaN;382100
1973;16128;NaN;NaN;47195;NaN;NaN;NaN;NaN;NaN;NaN;NaN;NaN;NaN;NaN;NaN;NaN;NaN;NaN;38311;NaN;NaN;NaN;NaN;NaN;NaN;NaN;NaN;NaN;NaN;429500
1974;20237;NaN;NaN;59589;NaN;NaN;NaN;NaN;NaN;NaN;NaN;NaN;NaN;NaN;NaN;NaN;NaN;NaN;44551;NaN;NaN;NaN;NaN;NaN;NaN;NaN;NaN;NaN;NaN;474900
1975;24605;NaN;NaN;65234;NaN;NaN;NaN;7839;NaN;NaN;NaN;NaN;NaN;NaN;NaN;NaN;1842500;NaN;51287;NaN;NaN;NaN;NaN;NaN;NaN;NaN;NaN;NaN;NaN;490700
1976;28669;24305.54;NaN;74832;NaN;NaN;NaN;9713;NaN;NaN;NaN;NaN;NaN;NaN;NaN;NaN;2754600;NaN;59552;NaN;NaN;NaN;NaN;NaN;NaN;NaN;NaN;NaN;NaN;557800
1977;31150;27489.58;NaN;82497;NaN;NaN;NaN;10758;NaN;NaN;NaN;NaN;NaN;NaN;NaN;NaN;3488100;NaN;65954;NaN;NaN;NaN;NaN;NaN;NaN;NaN;NaN;NaN;NaN;626900
1978;34414;30659.41;NaN;90220;NaN;NaN;NaN;11213;147878.16;NaN;NaN;NaN;NaN;NaN;NaN;NaN;4772100;NaN;71666;NaN;NaN;NaN;NaN;NaN;NaN;NaN;NaN;NaN;NaN;709400
1979;40606;33119.49;NaN;102398;NaN;NaN;NaN;12606;174877.06;NaN;NaN;NaN;NaN;NaN;NaN;NaN;6413900;NaN;77690;NaN;NaN;NaN;NaN;NaN;NaN;NaN;NaN;NaN;NaN;801400
1980;46219;36307.48;NaN;117856;NaN;NaN;NaN;14621;203203.36;NaN;NaN;NaN;NaN;NaN;NaN;68784;8157100;NaN;83583;NaN;NaN;NaN;NaN;NaN;NaN;NaN;NaN;NaN;NaN;882600
1981;52977;39866.28;NaN;142881;NaN;NaN;NaN;17441;231378.08;NaN;NaN;NaN;NaN;NaN;NaN;82177;10341500;NaN;88815;NaN;NaN;NaN;NaN;NaN;NaN;NaN;NaN;NaN;NaN;1011100
1982;59548;41975.76;NaN;152819;NaN;NaN;NaN;19433;270354.07;NaN;NaN;NaN;NaN;NaN;NaN;105522;12268600;NaN;94113;NaN;NaN;NaN;NaN;NaN;NaN;NaN;NaN;NaN;NaN;1042300
1983;67091;44315.76;NaN;163391;NaN;NaN;NaN;21719;304771.85;NaN;NaN;NaN;NaN;NaN;NaN;129981;14634800;NaN;99084;NaN;NaN;NaN;NaN;NaN;NaN;NaN;NaN;NaN;NaN;1108900
1984;77549;48188.64;NaN;178746;NaN;NaN;NaN;25208;336545.95;NaN;NaN;NaN;NaN;NaN;NaN;144134;15869900;NaN;102217;NaN;NaN;NaN;NaN;NaN;NaN;NaN;NaN;NaN;NaN;1229100
1985;87146;51667.05;60608.4;192898;NaN;NaN;NaN;28614;363347.68;NaN;NaN;NaN;NaN;NaN;NaN;160919;17450100;NaN;107773;NaN;NaN;NaN;NaN;NaN;NaN;NaN;NaN;NaN;NaN;1338700
1986;99683;54132.46;62533.9;207269;NaN;NaN;NaN;31498;384285.1;NaN;NaN;NaN;NaN;NaN;NaN;182870;19811500;NaN;108363;28137;NaN;NaN;NaN;NaN;NaN;NaN;NaN;NaN;NaN;1423700
1987;111600;55794.22;65395.8;227143;NaN;NaN;NaN;33057;408629.8;NaN;NaN;NaN;NaN;NaN;NaN;198802;23181200;NaN;110815;31741;NaN;NaN;NaN;NaN;NaN;NaN;NaN;NaN;NaN;1548300
1988;124548;58812.6;68069.3;251511;NaN;NaN;NaN;39107;430551.57;NaN;NaN;NaN;NaN;NaN;NaN;227148;28992200;NaN;113466;32911;NaN;NaN;NaN;NaN;NaN;NaN;NaN;NaN;NaN;1658700
1989;134236;61489.98;70891.2;271259;NaN;NaN;NaN;43445;460562.7;NaN;NaN;NaN;NaN;NaN;NaN;254651;34077400;NaN;113877;34719;NaN;NaN;NaN;NaN;NaN;NaN;NaN;NaN;NaN;1799300
1990;136892;66627.29;76485.5;292200;NaN;454834;NaN;47857;486522.24;NaN;NaN;NaN;NaN;14721.23;NaN;290478;42654300;4412.04;120833;36026;NaN;NaN;NaN;NaN;NaN;NaN;NaN;102220.845142;224141;1907900
1991;136463;72407.27;81103.8;300942;NaN;464255;NaN;47880;511039.58;665930;NaN;NaN;NaN;15839.22;NaN;325887;50705900;4536.18;134528;34126;NaN;NaN;NaN;NaN;NaN;NaN;NaN;107516.655172;237151;2010600
1992;141038;79112.04;84346.1;309714;NaN;493965;NaN;47297;525144.96;736960;NaN;NaN;NaN;16979.71;NaN;361929;59482700;4884.46;138241;34625;NaN;NaN;NaN;NaN;NaN;NaN;NaN;112758.98755;239439;2071000
1993;156205;82631.28;90267.6;316421;NaN;513741;NaN;47529;544352.61;766070;NaN;NaN;NaN;18350.27;NaN;383662;68686100;5582.02;146071;36397;NaN;NaN;NaN;NaN;NaN;NaN;933586;117233.552392;242514;2194400
1994;166130;85320.16;95176.9;331727;NaN;555029;NaN;50330;562730.08;811370;NaN;NaN;NaN;19776.94;NaN;389693;80256200;6028.87;145032;39731;NaN;NaN;NaN;NaN;NaN;NaN;994989;122766.027807;260381;2359400
1995;177864;88147.66;98925.5;349705;616637;574657;1172;53220;585259;838690;32849;2695776;180488;20877.71;139611.3194;426368;97839800;6361.5393;144168;41360;510957.3;146018;32085.176;8734.443537;4557.667352;166519;1042671;126556.737588;278519;2496100
1996;192440;93389.15;102477.5;366438;678883;608329;1422.3;56209;619093;857020;36836;3289220;198066;23047.29;158743.705;456186;112361600;6685.2402;152020;42760;566029.21;194917;35005.445;9436.052214;5141.570082;178639;1104799;129420.971856;297147;2676600
1997;204366;94977.86;108316.8;392484;734262;631224;1772.7;59356;643449;869690;42434;3852492;214051;26039.61;178852.6805;497985;125649600;7276.3146;158443;43523;609564.1;215464;38300.855;10171.33974;5736.615533;189557;1140916;129072.720043;318217;2868900
1998;222144;98309.29;113585.5;410665;786113;654359;1938;63677;662267;894950;47956;4485272.090909;240600.31;29035.95;197015.5594;504681;127605300;7736.5298;166012;42155;597584;240772;41463.005;10586.917613;6484.229428;205245;1208166;137016.84878;346040;3059700
1999;242160;101622.4;118165;435202;830319;688959;1965.7;65374;694308;932370;52193;5034358;273161.65;33351.76;216534.0527;520088;140251500;8469.2485;179333;43663;665895.9;268982;45534.27;11433.493726;7300.563469;224276;1259494;140207.227818;369631;3249400
2000;244738;104442.58;123746.2;474265;862981;722495;2211;73182;722179;946640;58605;5847586;297837.37;38034.01;241030.9093;538665;168105800;9583.4201;192856;46467;854290.09;283256;48764.907;12430.98732;7947.80017;240869;1329349;152339.295624;393962;3506300
2001;261283;109463.12;128517.7;472516;938082;739535;2421.7;73928;747901;936130;59930;6600711;323503.73;40129.87;244056.4079;559097;184112700;9985.0558;201922;48745;882589;300379;51562.268;12859.22459;9003.042518;259327;1317627;152799.313614;415299;3524000
2002;281685;109744.69;133295.1;474242;1003019;752756;2802.4;76359;765106;940320;63041;7279298;340491.2;43412.07;253474.23;572214;206797400;10467.2684;205155;53252;862169.03;317541;55701.74;13560.744872;10148.845903;282019;1322450;154890.548605;419812;3387500
2003;304000;111746.28;140452.1;498591;1164216;770089;3181.4;76834;783001;951580;67290;7946786;360027.08;47309.06;247228.8308;596196;225289900;10913.5298;209580;57473;884136.99;324486;58732.124;15171.37373;10976.980842;297884;1384673;154730.808444;441136;3477600
2004;327184;115454.92;142526.6;525729;1184834;827562;3451;79924;821884;951040;70583;8803655;409478.11;52526.22;252979.0521;614439;238151300;11382.5815;217724;62009;985632.99;344292;61789.354;15948.814977;11809.256692;326097;1452745;157111.726067;474775;3733700
2005;353965;118165.07;149445.1;561187;1239031;893281;3937.8;83497;869391;969330;75219;9285908;483564.21;57900.34;265818.8939;623725;259317600;12574.4664;228516;68104;1113378.03;387098;61820.026;17342.727503;12581.860119;361005;1545285;163557.662208;509941;4160500
2006;382743;122954.76;155545.3;595896;1327765;923966;4829.3;88309;909840;1011050;81844;10118003;560453.19;66300;291869.3817;672447;287618300;13544.125;248820;74679;1272212.99;426507;65292.747;18342.11466;13416.074;401304;1617373;171649.739562;550269;4523100
2007;403910;130456.29;161676.3;623498;1476428;942647;5843.8;94820;940719.95;1062300;90914;11388350;623785.46;69678.17;306729.2534;715564;324806900;14976.8563;259772;78903;1329500.99;474292;69673.623;19907.266507;14664.884051;433209;1704733;178991.504463;577424;4759500
2008;402591;136655.95;168825.6;635511;1498574;960814;5961.5;99438;965400;1088620;94847;12090085;653558.7;63853.12;303624.6527;723432;342958100;15815.3807;277684;78180;1499048.6;504418;70697.024;21942.308996;15808.599921;402078;1727377;193330.239011;614172;4645500
2009;408440;133941.88;163846.5;603634;1462139;921026;5985.6;92028;927955;1071740;88602;12017772;614290.12;56020.11;299331.2069;705924;340170200;15784.4064;262788;74729;1351929;500242;66728.147;21056.964;15328.360723;367661;1675964;193518.443733;559222;4307500
2010;436758;137764.93;173283.8;625836;1481054;968069;5855.7;94696;958276;1087380;90232;12078813;637288.65;55119.92;327848.9218;714696;368042100;16742.6512;271669;81615;1431691.9;532162;71991.173;21281.839;15848.285245;383998;1746321;195466.026849;590514;4527300
2011;474262;144485.35;183040.9;NaN;1528418;997576;6296.1;102121;1012653;1154890;88383;14995707;680720.3;55414.65;350504.245;728836;397362900;17708.2851;273318;NaN;1576049;587026;76933.978;22992.893;16064.509502;379671;1792963;201244.648948;618523;4734100
2012;NaN;150890.81;191321.6;NaN;1541816;1008275;6839.4;104448;1052356;1194080;86662;13159686.957325;735404.01;56592.69;NaN;746837;NaN;18723.0648;278429;NaN;1662705;612265;67794.245;23650.707;15959.259773;382044;1824915;NaN;649925;NaN
